tv_spend,search_spend,display_spend,sales
6.292771760225997,12.982241325672362,4.76736245573283,16.190434032313206
0.0,16.489553023495596,6.300657984417496,5.519429117053053
3.273383258850126,18.278141490811624,7.805760119597398,21.853348501074912
5.620315704125708,18.83702583328862,6.4790466231728425,16.44118225618167
0.0,22.105674089174276,2.259260626319448,14.477388078348175
0.0,13.157207012561507,6.5183528893696066,16.634859874272713
0.0,15.279986617010925,3.322661013868128,11.588255761739394
4.556040598768804,13.009729692460857,3.839695292528196,15.188126868557724
2.641287588117245,15.838867992072366,6.363056814357258,15.157315081903503
2.121596632501408,14.664356004790278,8.086919929987715,14.030896502335139
1.371154941006628,17.892120792413895,6.076296551837454,15.946480921253741
4.87673323024596,15.89699507167049,2.668954284542225,16.568463830645072
8.11713089481984,13.450317630993272,11.77991565788283,12.873377480632342
4.609239970911254,9.652258094290653,4.058167206807903,10.945486447791428
6.555344822055071,9.837811432346315,6.2346799139176445,14.282185643942407
0.3150327481064199,16.834099570379273,8.830603018222815,13.618817386877648
10.584244351350197,16.543702828225157,10.108606598708507,15.85724350139711
13.61374644869327,14.864532629426668,7.166444712479113,17.96954174992335
9.757774794936047,18.51327728387395,9.613406667031276,16.738168289331426
3.9905404639949573,14.25868853493859,13.572100164185711,18.040332561445396
2.6524395633681648,16.343603316812384,12.077531710077135,14.948715079112056
12.366640089604298,12.335565606588313,7.932946739217882,24.89005356937748
10.027693525687468,18.72033339669143,6.887548280581645,22.033303240243043
4.655376032007609,14.750837657493218,8.376320831725298,14.588929234084375
6.8940954294351835,11.628641492154703,4.610626558824799,24.47803797868627
14.028402017666775,16.9111989963447,9.868819141116388,15.903824962391838
14.431967731893044,8.245795072726303,5.212915068726623,24.265335875669642
14.725867663738688,12.52215872819669,11.685587871730512,27.279986455949018
3.281448745290713,11.039104757315183,6.029615970868233,17.621463081350345
7.450357519770147,15.315675795432037,4.313954559495296,10.130657118926138
14.327934090687243,8.045762358641966,7.768779890328948,19.9094048956219
8.221673947732562,12.413086047416193,2.713340606767872,26.318049138266517
11.106415812514536,10.12104824485629,8.212012967970221,25.6378829589284
9.427510343219618,16.120390118020122,9.100710123792208,13.61504768812837
0.0,13.93181714839135,7.848255060124366,7.052217302489101
11.791025723030078,11.250493981993518,7.477632007949998,16.02560819794619
0.0,8.621246588144324,7.375417064632666,16.014881282420067
12.369807041070407,14.206617679133965,0.0,26.78594224224952
6.748684625772546,10.021765590015944,4.809513418941475,16.102323276424215
14.8653868943744,15.965706617966482,4.232814903262373,16.906993244406873
18.76854940236556,6.602675674553,7.779102982112691,18.7431365848699
23.228085349431517,16.564293922171736,2.336543814766945,17.329339589694676
8.797118039581886,15.46699891301097,1.9825102416731908,30.67203972045781
18.500608500356996,11.846008743816666,1.3645626852187274,21.08679432824495
19.935061103055897,10.219197885477179,0.0,11.288994381159426
12.628173289570467,9.970826505831921,3.4747213493774636,21.245470879358074
15.834084315178114,6.732794706930919,0.4155543628685896,17.322649287406854
14.395933665887064,10.276319795368913,1.4394110423047037,15.050701292942543
19.380094506059738,13.021494200917536,4.486007382490614,25.464509771727815
16.75480704239379,14.554458044459423,8.411558766898954,14.599868759931717
21.123217023356155,9.067636986089466,6.649081455576355,26.567854753507287
16.452417323580185,11.54325916756715,6.1800367589008625,18.7453431939095
18.26332291892356,9.376675096656475,0.0,13.9764885765018
17.357965322031223,7.002460873613598,1.3070171956930428,8.761613625928002
18.76749176855897,8.082026262664922,5.202444522093321,23.86065384812718
25.76784042505776,12.761556882591929,6.473356257008325,21.455944013303757
8.316861580611514,7.062330466279339,2.5256487791855027,14.290825604701062
13.116437566918052,8.169178494985504,3.806712431673327,14.589843173213188
14.033916435815048,9.5679708233053,4.339293172542571,13.970885065015036
14.185924089398124,7.820725645833796,2.1628457756861064,19.455111970884136
13.345283737073132,5.8699629187579125,0.0,12.913658301908615
15.027505460911124,6.168763718239417,0.0,8.13106841575391
10.80025689917716,1.7845643005363971,0.0,19.296238062226735
13.406966590759449,9.33863889113048,2.27069729081778,16.452075525519227
15.314556472447178,6.105694067871645,0.0,18.904668844836962
16.663659822542254,7.4407983252565675,0.0,21.444354076627672
17.27337232148058,7.564397516736459,1.838639328640728,23.537528941355667
19.802564500973162,6.459246773192492,1.9591886828969858,13.528364849724657
22.685639452624187,2.5118625075296483,0.581605448869762,24.90316345930404
20.51886717297758,7.339825878116249,1.16741245451174,23.138939788418195
19.13229141971222,7.037928040073176,4.504310563559551,17.947355122580014
26.398426247889773,1.2939474380430553,0.5638840787186639,25.03844857661177
12.915140547136389,10.174939026282221,2.1262538781424176,15.697196473355575
24.22825428077313,1.54333154269443,0.0,13.384265921362585
16.85898654680281,4.7011813324989795,0.0,11.18037528642941
20.70952812087828,3.919332551547728,0.0,23.06525174956292
18.035444715801678,2.6958429092133924,0.0,12.864155299193015
11.727495983764904,5.908999414453702,0.0,22.20418743245149
12.112539902893388,8.43244166425188,0.0,14.874950931958951
36.90409781666318,5.517172548329787,0.0,30.489682599718805
26.051677184604685,3.634932368503665,0.0,14.477034486997013
26.52028100432205,2.799119015091075,0.0,24.37991525699094
18.158758889723003,0.0,0.0,23.92254583576081
19.531407696278926,2.8044548311804554,0.0,26.123019972350207
17.70813135961586,2.0416145505868144,0.0,14.820305718679599
22.597475572711883,0.0,0.0,5.635318323957346
14.580235585780544,7.860366457516886,0.0,14.027448139516899
19.25909364506033,4.069569259988448,0.0,15.54804699266657
22.011761180205465,0.0,0.0,11.898367328604902
22.020224933711788,4.225608691257583,0.0,13.919660171748493
22.83378912433802,0.0,0.0,13.453130138429778
16.18321978928003,0.0,0.0,11.44212919488179
20.07686788916943,2.6647688644141705,0.0,14.014583188880081
19.52063641016023,6.751474794023828,0.0,25.344539085097512
20.527121887579646,0.0,0.7369417508254683,19.89007228229781
11.249557205351362,0.0,0.0,14.172346852799189
14.929154049864287,0.0,0.0,16.520691939164237
14.417721906219489,0.0,0.0,17.388020010764276
27.119610688281128,0.0,0.0,23.321271198114893
30.805183991948137,0.0,0.0,18.307642282982577
24.473589458900058,0.0,0.0,10.687749390160954
19.069569075605916,1.0763754536825447,0.0,19.54539698424217
24.870102752994747,0.13137701183198813,0.0,11.31056062686642
9.342830963484642,0.36768146459713535,0.0,4.875952603777492
16.298626753919656,0.0,0.0,18.705020400053094
16.667356494250384,0.7813941269717204,0.0,20.930431850766894
16.593137037120915,0.0,0.0,10.83161696118132
21.650373103209226,2.192654410874984,0.0,20.111868735116154
13.156609369965391,0.0,0.0,11.672559416595494
17.65814688020178,0.0,0.0,21.153963056687836
17.733431829861576,0.0,0.0,19.59229242334485
24.37253311137617,0.0,0.0,20.513432918330682
22.64716463791344,0.0,0.0,18.342524315564305
12.595558261884152,0.0,0.0,22.31552926707502
16.14160084392223,0.275781367848972,0.0,10.586455714166917
23.252113887380577,0.0,0.0,17.216579773072343
8.744406334103704,0.0,0.0,16.135163892733118
12.819733707847499,0.0,0.0,5.936775125046383
18.082982779355973,0.0,0.0,23.612877020213208
20.098290625172503,0.0,0.0,16.965198752869505
17.33476815077378,0.0,0.0,9.745112027565934
20.3856341861403,0.0,0.0,17.099773989228773
14.573630506801493,0.0,0.0,21.648977701800796
14.50956529191172,0.0,0.0,8.289025479479676
22.621641124374452,0.0,0.0,12.778971866075103
16.99327930542956,0.0,0.0,6.101542836508697
19.665133173043547,0.0,0.0,10.551789595591403
21.548226203517007,0.0,0.0,20.305344554837685
14.756784118466442,0.0,0.0,12.92068367838146
11.315503712535804,0.0,0.0,10.526601325237584
19.552146677098417,0.0,0.0,20.796176451086687
21.516596918307062,0.0,0.0,19.26743662964092
24.570261806856323,0.0,0.0,6.536445269803146
10.196290322460133,0.0,0.0,18.97323551985847
14.471571510487625,0.0,0.0,-0.048632763426233794
10.235680502705845,0.0,0.0,1.4291338892226477
9.967727760049964,0.0,0.0,12.834668862961994
8.136277130408338,0.0,0.0,5.719446075445861
5.041857546312272,0.0,0.0,9.240562056813076
17.535330982465343,0.0,0.0,6.617541276541469
13.236040390901751,0.0,0.0,9.533982089031488
13.782920067612912,0.0,0.0,3.947068190538798
7.723876077900493,0.0,0.0,5.1413866430209865
8.926687244202437,0.0,0.0,12.186862514464819
8.529248069872686,0.0,0.0,11.303371172886974
14.360392045396823,0.0,0.0,13.89588840114587
2.9695864146314612,0.0,0.0,17.511795204195103
15.50383865426905,0.0,0.0,23.477556879400474
5.160052487794541,0.0,0.0,-4.643199476649173
17.356404538747356,0.0,0.0,13.360975374039162
10.846273237531138,0.0,0.0,11.041454264785406
11.20212156427861,0.0,0.0,3.303685933179554
12.632597373241767,0.0,0.0,8.515999030558076
8.484184821460403,0.0,0.0,10.934340056661913
4.238990783502802,0.0,0.0,3.5896482504418685
10.362824202166953,0.0,0.0,8.798936117194696
13.611018729573232,0.0,0.0,6.539049232890169
11.515300009352472,0.0,0.0,4.208705644258585
13.06772230227585,0.0,0.0,7.801707867407782
11.016076305288252,0.0,0.0,7.962985129497548
7.522179822815293,0.0,0.0,9.618150152507315
3.7248036473171084,0.0,0.0,8.36201654258135
4.754457603588399,0.0,0.0,7.240160587893002
10.132140386817609,0.0,0.0,0.9925948466321106
4.227454112976524,0.0,0.0,-0.4316688612944688
7.430891802587242,0.0,0.0,3.948770249973288
0.0,0.0,0.0,1.741284983382759
5.535756423369029,0.0,0.0,6.40386419111932
13.290548928481876,0.0,0.0,1.0745924052811784
6.105956308864394,0.0,0.0,5.6709358992653005
3.9721914187137046,0.0,0.0,0.46689803379195016
1.82857693126408,0.0,0.0,5.293539723165316
3.371128883129147,0.0,0.0,0.2398746231808735
0.0,0.0,0.0,4.299734054519874
0.0,0.0,0.0,-1.1624879960948513
0.3925338467874746,0.0,0.0,3.237686453233275
1.793144111391186,0.0,0.0,-3.081166999049006
0.0,0.0,0.0,5.331601686856164
1.1018679137212823,0.0,0.0,-3.1005515227231073
1.2917421688931285,0.0,0.0,2.3724569087599985
2.4032333931402867,0.0,0.0,-6.589227861244614
0.0,0.0,0.0,1.6367004061787087
0.0,0.0,0.0,0.8424812746409213
4.026082249874332,0.0,0.0,6.022412079808542
0.0,0.0,0.0,5.449254319645606
3.1625935077791136,0.0,0.0,9.623649408069411
0.0,0.0,0.0,-1.0011352790921277
0.03792624640045239,0.0,0.0,0.9417278722390605
3.6904788508620547,0.0,0.0,-2.1365438223399433
3.8136627642690373,0.0,0.0,-1.9653252214024775
2.47463146228497,0.0,0.0,10.077082095366368
0.0,0.0,0.0,2.5670063363673625
4.01524737939118,0.0,0.0,-4.7018591840496
0.0,0.0,0.0,-13.457446502913772
0.0,0.0,0.0,-7.783465722416364
0.0,0.0,0.0,3.7271750540054
0.0,0.0,0.0,-11.260918208452857
0.0,0.0,0.0,-5.04474229248172
0.0,0.0,2.707561650155303,7.959664037644929
0.0,0.0,0.0,-8.835042892334993
0.0,0.0,0.0,6.3029891368105275
0.0,0.0,0.0,6.5389602453736
0.0,0.0,0.0,5.195951775239219
0.0,0.0,0.0,-2.97411989864435
0.0,0.0,0.0,-6.39655004591188
0.0,0.0,0.0,-3.72797310416528
0.0,0.0,0.0,-4.6545951943394135
0.0,0.0,0.0,0.3562081574520892
0.0,0.0,0.0,-9.560400655554051
0.0,0.0,0.0,-3.6359732083520875
0.0,0.0,0.0,-7.191906558816047
0.0,0.0,0.9780275898701801,2.3880478405876797
0.0,0.0,0.0,-14.421078941859939
0.0,0.0,0.0,-8.839385797361027
0.0,0.0,0.0,-14.975119345426023
0.0,0.0,0.0,-6.18097228841918
0.0,0.0,0.0,-8.37947284590248
0.0,0.0,0.0,-5.169806231608263
0.0,0.0,0.0,-8.296716479284202
0.0,0.0,0.0,-13.389720595900343
0.0,0.0,0.0,-9.32412188582338
0.0,0.0,0.0,-2.9240280895033575
0.0,0.0,0.0,-14.462979440577762
0.0,0.0,0.0,-7.911956892042463
0.0,0.0,0.0,-9.738551878998184
0.0,0.0,0.0,-21.205167343525105
0.0,0.0,0.0,-0.1242819309383405
0.0,0.0,0.0,-10.026077353162492
0.0,0.0,0.0,-8.62269542648173
0.0,0.0,1.0257145796876919,-6.8990709805337795
0.0,0.0,0.0,-7.862639050007706
0.0,0.0,0.0,-0.4362673155050123
0.0,0.0,0.0,-3.2816162246884373
0.0,0.0,0.0,-2.1484476380572293
0.0,0.0,2.6514380850829316,0.9294693726113987
0.0,0.0,0.0,-2.8262425208291893
0.0,0.0,1.21851015715363,-12.886424846780365
0.0,0.0,0.0,-15.77309915629532
0.0,0.0,0.0,-9.398041290892165
0.0,0.0,0.0,-14.253894318566083
0.0,0.0,0.0,-9.239113314244385
0.0,0.0,0.0,-4.6208158397413825
0.0,0.0,0.13716941394848026,-19.75331447347015
0.0,0.0,0.0,-4.369522180849967
0.0,0.0,1.697711706327446,-14.184270180194552
0.0,0.0,2.6026894441351263,-2.388888987105503
0.0,0.0,4.72236936987461,-7.877677598170086
0.0,0.0,0.0,-11.214963186727509
0.0,0.0,0.0,-13.158788494015042
0.0,0.0,0.1802797383889857,-7.0867156682356915
0.0,0.0,0.0,-13.09140673370192
0.0,0.0,0.0,1.8014721263757796
0.0,0.0,0.0,-15.793218187941001
0.0,0.0,1.4406745087698218,-9.793984550795924
0.0,0.0,0.0,-6.992952382071805
0.0,0.0,0.0,1.69250912992843
0.0,1.5985010483457387,0.0,-12.429304840300421
0.0,0.0,3.685337326413527,-9.924622544327686
0.0,0.0,4.0338174551341,-7.607989317208899
0.0,0.0,0.0,-8.401804721373562
0.0,0.0,0.0,-3.2705477231548903
0.0,0.0,0.4097817232560632,-14.267034779117962
0.0,0.0,0.35265088809228806,-1.2253649187683227
0.0,0.0,1.4067603366993082,-5.591915344177803
0.0,0.0,1.4850541332303935,0.7781904095259851
0.0,0.0,1.7326381094279717,-8.034244959329396
0.0,0.0,0.0,-5.338860060248708
0.0,0.0,3.8350052497098037,-7.839039259147573
0.0,0.0,1.8644636283118639,-12.087755330133062
0.0,0.0,5.4468731218334385,-6.937610358854478
0.0,0.0,1.1304635313262166,-9.89734205266568
0.0,3.1314768817049075,6.04422512740901,-3.690615602931962
0.0,0.4245038503042009,5.291445945370263,-17.58967929943682
0.0,1.0346053134951174,0.0,-1.0952364713986569
0.0,0.0,1.8278824282646071,-4.194315661959372
0.0,0.0,2.8228856041022485,-9.245177555940204
0.0,0.0,0.0,-14.742395180955965
0.0,6.660266706009539,9.336771380922533,-5.09707692823809
0.0,0.0,9.048216624246045,-12.409714463014364
0.0,2.1064293419865585,4.273899286544155,-4.488375601838759
0.0,0.0,9.780957554244834,-13.20973030379992
0.0,0.0,5.542684235935348,1.130033362775034
0.0,1.5124983252991562,5.021573089379638,-0.024490651950766384
0.0,0.0,5.059496211916274,-8.871223657967972
0.0,0.0,8.789731133151452,-2.370177272218492
0.0,6.678099175895786,9.974325560230229,-8.154918573643982
0.0,1.4793492262755246,8.831836898587717,-14.072066225158629
0.0,6.782197138607844,4.282379079224818,5.758700129766141
0.0,0.0,8.45306864307186,-8.78114687997135
0.0,0.0,10.603033906975673,-7.046380168145006
0.0,0.0,8.886343587569907,-9.714060512505387
0.0,3.317015522614595,11.079815826693805,-2.4662871815473713
0.0,5.819924113666693,7.819308181331942,-2.331639890533466
0.0,5.229672124511085,10.216541629154616,5.871483572766946
0.0,1.1866242770749942,10.694037458798766,-3.5014884700385593
0.0,5.889319010743025,12.177854145707235,-1.7665006722930217
0.0,3.3589774069778215,10.916943470705856,-8.499699691222691
0.0,2.766806920663634,10.705556332675847,0.8649752832316766
0.0,5.85038234934588,10.033852929294426,-2.311436130815586
0.0,8.291013030373643,9.306255060061194,0.6894433217576248
0.0,2.4903905943425775,8.837519984611696,-1.7681611646170516
0.0,13.811394775348504,7.204075087163622,-0.44184078714359587
0.0,3.078813344882823,10.163125468325322,-5.237433978149954
0.0,7.481205624466375,8.297543533417606,-3.122872237533694
0.0,2.9788663213903313,4.508531465290829,-8.161165680070312
0.0,9.895021181048044,2.188072403492835,0.052233340622833246
0.0,8.505560234452664,8.903350450142025,6.508880862060047
0.0,7.522381564115224,5.62912225224432,-1.821757852126607
0.0,6.120192896930719,5.308225198436974,-7.8379591819729555
0.0,5.379434946782487,5.2186032501956605,-5.561541010921248
0.0,8.833155830508156,5.001751859610342,4.306694279172454
0.0,4.930673829250306,8.768255791619042,1.5914136503659133
0.0,13.425093783900916,7.114098346186355,13.755375698786976
0.0,10.864459018172399,6.2566783938934085,-11.396178385120017
0.0,5.390466071741126,6.3969770593900845,2.0802575104268897
0.0,5.245601506559179,9.813806612313801,-5.8509742575569765
0.0,11.624675859187223,4.893812933250642,-17.06289625169655
0.0,13.374532232548122,7.149297442921968,6.195088878361671
0.0,11.835656705883107,5.54039086713092,-3.6441522604863783
0.0,8.775629089439159,5.747063211366479,-1.3996863742591392
0.0,11.85863737232384,5.559351910285849,2.319369477978511
0.0,14.82616568372557,10.277777113683307,-1.2497597410623564
0.0,8.865609012923224,12.419763347980727,4.783316934698405
0.0,11.810485003179586,14.369022312145068,4.548949891604161
0.0,11.077179374020087,7.416456015668885,0.7223110769854573
0.0,8.72512193264431,7.37388559540579,5.739277856889195
0.0,12.468423591808644,9.457479836347716,-0.2206552594532547
0.0,9.582779868189812,11.99396569507801,3.752249963660283
0.0,14.283355963886073,8.42843660377564,10.029304262981338
0.0,13.67991545991389,12.714509476452442,10.023981846625516
0.0,9.830233448342568,10.031478494719916,0.802088233675815
0.0,14.335681877424493,8.623357492935737,6.833171769641833
0.0,10.180396827852933,12.282396378112926,1.614885257067809
0.0,8.762512804685858,7.0418974060863375,0.07841135732478266
0.0,12.09605428266732,13.451648000794439,6.855721891358945
0.0,13.68748468595718,11.490188358447583,6.2301983804744845
0.0,12.209887091835855,11.143047065843094,5.163799686799894
0.0,9.856651010629001,14.478362374771734,10.388547349750263
0.0,16.298312135309473,11.013727350795511,10.1322116430093
0.0,11.85651235578111,12.269380663684206,3.2777864538233827
0.0,16.896663939014257,10.491954053156904,7.8570322654006555
0.0,11.533857180622746,12.86156494981407,3.0528578174251155
0.0,15.475020556803049,11.151337085766686,7.370218852758659
0.0,15.642376620193067,12.97703110104467,7.076480218767642
0.0,15.324070475800076,14.520637228045851,-0.4176529041543642
0.0,16.28766216341015,9.070031336451661,7.121210013339831
0.0,15.56517103202532,10.490388570973224,3.3228901274256764
0.0,13.993480582675412,9.913888197541056,10.363270069582045
0.0,13.241966122667478,13.414067122326502,7.0719599239779996
0.0,16.237706126056942,12.878592129322163,12.957991173958296
0.0,8.132952981060669,11.044767397240927,1.6802002068655844
4.7032342411868155,14.730960184522225,7.948550020879203,11.509446434664461
0.0,12.530771026952952,10.198678622397399,-0.34225159196180766
0.0,17.471885906826273,7.668248984855003,12.116783743554763
4.37673478576832,19.18937207809455,6.965109199306852,18.925253703096015
0.010184547107058517,13.229306663843026,10.98040423783639,4.058336296730172
2.07150426661896,14.070157580131712,9.175260743852723,12.811293871677078
0.0,14.751154863790006,9.048762715741104,3.4628525804673833
0.0,13.382268694722592,6.5350780934820865,11.352259093924822
7.039464584998784,14.15490376287177,6.621250523144094,8.415114485958025
0.0,9.934251051012193,4.756222434140657,2.5686985502216153
0.0,15.393745024621563,9.409929781102601,18.824992105520494
0.0,12.132955868284942,6.448434601930773,12.51819652560551
0.0,13.105030955716343,5.048555194341217,4.904261883100559
4.434025501723197,16.147848477385935,6.6648030163346705,11.974368176240752
5.408680970647051,9.708161278869845,8.48114483403198,3.8392742366549353
0.0,16.990130849084764,10.474278799258183,12.435590536640062
3.10857080756623,13.866020015828726,6.275482215840291,10.937739686745783
0.0,13.386362455230355,3.895465266386764,17.081988933805967
5.279163706672369,18.551542200028724,6.649436196809997,21.847823948956144
0.6631954955324126,12.29252711361363,4.923191314137657,11.387583059935897
4.415865730084429,16.36263261026555,3.105006028072293,14.73645753055348
0.09757894221049135,15.536067536715374,5.718564038266375,9.403296095511676
6.677000495159611,14.299686236283378,5.553937244974128,13.418140887239295
0.0,14.176790162968414,3.8508386730897852,5.093341298935225
0.6959771822784422,17.245728930590836,5.2953213087853,12.727500876448254
1.8342393914838417,16.51941116339813,8.330964364031384,9.197085216316333
1.7031233531701226,12.261002390118868,3.1544150025074513,8.239989217161103
10.892697850901067,12.380512006397105,7.150652555217425,19.272059794186596
9.582668713607246,18.79776939693986,6.978218391702704,13.435003390510433
17.70852824802521,12.688768161386323,9.50287668956296,22.454765501453657
11.587296221770032,11.19707032964279,9.919800606818578,17.961195328896288
6.791401035538296,10.358613311296681,6.950865000957027,11.126070041133467
10.866564699435212,11.221153423997201,5.923871206709712,5.310061966666957
17.78353458160264,15.702835286197693,7.70801317621358,19.458501504637916
5.168353808493681,17.021798582717583,3.2682804048731837,10.558642933473738
12.951663798310467,17.113033112995886,3.0062337328713875,18.06503416321198
7.596627905242316,16.437807828890413,3.6349007708007712,15.989144387678559
12.191266916124977,12.055662495892111,6.73178688757529,21.033995906485455
7.52966442379829,14.404531951337853,8.475540976124028,23.83236947012808
9.999487087421892,12.127552180972698,8.478018614047395,20.24914073577561
6.396605696738288,12.795029681963722,4.619121318605465,11.199139716185943
0.0,14.232709313262005,2.078138498156746,19.175047563171333
0.15797628541095143,19.68687117463385,3.5848112958622202,10.469457428323102
12.380918201932197,13.332153137751186,12.185214605837633,19.685184603159197
4.094315689598829,16.115414848352113,8.979547319590719,8.66049076828247
15.365816369293366,15.163752308275415,3.9269402514189755,28.030727264139607
12.277550551843477,11.599138329461816,4.9441524006388375,18.872429159323364
13.056889841886802,11.075025727449312,4.929949912576084,14.7219279705734
17.06727547404539,17.353564423252614,3.738289725385501,26.977002690863635
12.070714534033032,12.712607569100188,6.4283747182436235,26.01334130381892
15.47840322014517,17.46114969898686,7.177904388296117,27.20742371012033
5.570251860212479,10.385954468771748,4.523666935352291,20.845085523964826
20.11894990029122,18.910206607612473,4.082103858014738,20.63575693319683
12.51179790069689,8.48884606880565,7.268678098503789,7.486778917542825
12.914546743322466,12.410422755527255,3.799380090503486,19.232540848101095
7.4736970472612185,14.485158396715594,4.855991361839275,17.513373056627522
9.87079016310594,13.062141048544254,2.1602540210463346,21.656164607846048
12.4541788279236,14.032758304174234,2.3122726228716406,21.0104104061584
10.776640079835808,14.089592061321767,3.1150218626624895,23.446017965984293
13.272450959930223,11.294032235630086,3.0470501189591337,17.184530178232105
18.914386054004552,10.571812705086206,0.0,22.014181773473272
9.015797146016107,15.4148767496961,3.8854169971968053,12.285324532729085
14.049423547015234,10.81285576374853,7.568543516480851,17.554826569697333
4.656813097141423,13.168167093149266,1.2917318802123239,8.362965348188434
20.652882011307756,8.812108478175517,8.530938514570376,21.798508520055027
18.21421573912593,11.948734506179782,7.093289677698524,14.48162475170395
23.048604943953418,17.79650685172605,5.777007150155631,29.039136913876675
17.66522752688334,10.860755271306617,3.03252843488215,19.369628525952713
18.065214012568397,11.949369044793794,2.0560447305411778,17.16206042571809
7.036807538617865,12.808931213919934,0.12136140639142146,17.60413414883257
18.15469025491675,12.121726290891385,3.7389992341081406,23.365594890466067
3.7005245750194735,14.35559025179662,0.0,13.605931539906077
24.706275237433168,6.549068639490064,0.4568562633438873,15.078637905877489
14.19167537631093,11.452560845696745,0.9734307420456758,26.388838105589343
17.23940262188557,1.546698879918269,0.8518692172625156,14.511132739101887
24.272958120521313,11.030822739748551,0.0,19.416479806458323
22.013152836989864,3.91143795246877,1.582424513799519,7.1313392227097285
25.62029976440395,9.688556051499154,0.09005268912784792,15.064995560190347
22.144576289534694,3.434230141996947,0.5667893506440164,10.356547620713691
16.755340600497572,4.269681695967849,5.554243642686426,16.66044723151297
14.210412578060268,4.41291138075204,0.0,10.127671504062587
22.306773475899217,2.5739818122939555,2.0471575631164374,14.5377683333453
25.274607649725944,9.887916272069331,0.816561456815712,20.298194830746873
9.479540560125384,11.445098810349744,6.265838955180509,34.96845329582911
19.876115506597948,8.55898386159635,3.6144835602790706,20.5884301332984
21.735521740321,7.8658037258462645,3.2185237301032488,19.112158984159056
12.9610520793447,10.956582141435534,1.7467497537515202,16.882725297476213
21.639240915438133,4.320026406198817,0.0,15.97246605795226
22.773072738671665,2.637501540331491,0.0,15.686838852039958
17.448187007900053,5.7559090472154715,0.0,11.01746853316191
10.411650475132584,6.61099844374235,0.0,20.724107654289938
23.748932502139457,4.437158211064168,0.8694977993208997,32.35863657314682
10.40098945219311,1.7868556526313055,1.088895455210426,12.055801156119802
14.241769030230566,4.6569347806309915,0.0,26.072185104886145
17.99863634369298,6.033851495118878,0.0,19.233655883757514
18.48012350562187,5.50638941193676,0.0,15.759851151410263
15.172817642529138,0.7342703323478368,0.0,17.516139786124274
21.93064342199967,3.2234238019563697,0.0,12.264262899688418
20.73817333497649,1.563432262515215,0.0,8.598921127634718
21.863492450085687,0.0,0.0,18.393069395556847
21.370566814317637,4.941118521772918,0.9459131958838662,22.260636966892754
17.205820963409444,2.7796558934134423,0.0,13.377904304735077
20.425452247701067,2.143627877112994,0.0,19.076344878619825
0.7974892780350196,3.8302265250146688,0.0,16.74506705348506
28.21965708709592,1.8737427886978542,0.0,17.20134998017434
23.134954881439505,2.878528176371145,0.0,22.037869818363077
17.89829842384544,3.157337466986246,0.0,15.732808572150864
19.813757923843323,5.448763579080508,0.0,14.722734023403003
17.04116345750983,0.0,0.0,8.790785480733298
14.326431516519028,0.1894202507625558,0.0,13.84674372204974
18.374059929358236,0.0,0.0,14.504818467403174
21.513292942273118,1.9829213454664063,0.0,19.113341552810994
18.94524041079299,0.0,0.0,11.209159471368078
12.278695647921602,4.335854764796628,0.0,18.03685788464441
15.755141792216715,0.0,0.0,16.426655198416785
17.97991634287738,0.0,0.0,8.611662398650463
15.134239184653808,0.0,0.0,24.041275516737773
11.536063799560884,6.639139884024965,0.0,13.94085665021799
26.7517210615138,0.0,0.0,14.06034258314293
13.357632059754495,0.0,0.0,13.58312826855049
13.714196179750807,0.0,0.0,19.07639700587769
19.648625828192195,0.0,0.0,5.232383112399312
14.537354845372533,0.0,0.0,17.65674149567949
28.375899863672505,0.0,0.0,14.101592161177582
28.478517635866666,0.0,0.0,15.398854680943344
21.575383237489273,0.0,0.0,22.143219157887327
16.445813299680385,0.0,0.0,16.755126344222425
13.278806460760103,0.0,0.0,7.28063965325242
22.17733026550759,0.0,0.0,14.843629421700264
17.60289398759014,0.0,0.0,10.281690407592665
19.385956751680126,0.0,0.0,19.64989818272479
20.828463401085042,0.0,0.0,10.14990602993181
15.237668073008388,0.0,0.0,14.298024314760035
16.22802531199196,0.0,0.0,8.045648406880378
19.332314855260993,0.0,0.0,18.631283671056146
15.068099781047671,0.0,0.0,11.875676588719227
20.436709566094095,0.0,0.0,4.473144826400551
20.904303881664195,0.0,0.010382182076325464,17.934004919883872
21.067057244913705,0.0,0.0,20.533854686560932
23.1797265491054,0.0,0.0,20.66840144848169
14.774705887493473,0.0,0.0,11.597771640689581
14.061269924098527,0.0,0.0,18.801118193913716
13.018177909788847,0.0,0.0,8.087054621072912
17.68172582255301,0.0,0.0,14.71730083468645
17.087453402460035,0.0,0.0,19.429879160625607
11.560753125095511,0.0,0.0,12.828644910672022
20.411002436357148,0.0,0.0,9.067396109710115
23.639667482463445,0.0,0.0,13.314540501307668
19.78387663590308,0.0,0.0,14.20267983028733
8.736374914119288,0.0,0.0,8.353801619928678
12.399827197402837,0.0,0.0,18.111243742012398
9.007745148160389,0.0,0.0,3.983465187035142
17.408994638651258,0.0,0.0,16.26663505921603
20.58419874335367,0.0,0.0,18.058723269642094
12.43987692148894,0.0,0.0,4.8194164573495675
11.39820407845477,0.0,0.0,16.96294609637752
7.231094728854348,0.0,0.0,17.864219891423097
14.280668942562183,0.0,0.0,0.6964509023553784
9.587844841450188,0.0,0.0,6.344833542005405
14.583180412947634,0.0,0.0,6.451884045306607
12.695072971767766,0.0,0.0,8.294703680809219
7.667282690098502,0.0,0.0,12.899204947897978
10.893735548249168,0.0,0.0,13.872879217094741
8.53548529111529,0.0,0.0,9.677554683830012
7.943045682074754,0.0,0.0,8.094711956122458
10.283299141167,0.0,0.0,7.560027358440452
6.9021591622334775,0.0,0.0,7.736345854608031
8.233398908902204,0.0,0.0,6.672154307023097
0.0,0.0,0.0,9.764080657883614
18.473796331163417,0.0,0.0,11.493742820015344
14.248808345630774,0.0,0.0,0.6637711774238308
8.937956241556899,0.0,0.0,1.266494181493866
14.771959288238044,0.0,0.0,12.840618557186309
1.5480295256933854,0.0,0.0,6.0461040351872235
3.058081130644034,0.0,0.0,6.416247522663308
7.161300275542656,0.0,0.0,4.038792221268566
17.295204303454568,0.0,0.0,-0.23383579270595867
11.509316458208527,0.0,0.0,7.843002345354046
0.0,0.0,0.0,-5.796242475813427
15.581020474968073,0.0,0.0,-0.4030464921090733
1.3399452981358317,0.0,0.0,-2.870725518243168
0.0,0.0,0.0,5.5261595440637885
10.949473247789989,0.0,0.0,5.548656464916527
4.548059938729989,0.0,0.0,7.178580672561216
0.0,0.0,0.0,2.1883571294733866
7.689420000137681,0.0,0.0,5.800572958938042
1.9749334862365315,0.0,0.0,7.435766474358081
1.7505942405224555,0.0,0.0,7.533972241817276
0.01990856378694872,0.0,0.0,1.3257836174586053
0.3099677062712236,0.0,0.0,4.157977941804311
6.614922607269924,0.0,0.0,8.685332685086632
4.960016076296995,0.0,0.0,5.173629463087801
11.036659118726941,0.0,0.0,-1.2663988210332002
4.920502431999352,0.0,0.0,6.856456509404811
0.9478570937599131,0.0,0.0,2.1412881444137177
0.0,0.0,0.0,-2.4010181681517433
0.0,0.0,0.0,-4.32533099463181
0.0,0.0,0.0,1.8068013819132291
0.0,0.0,0.0,-6.249520021885471
0.0,0.0,0.0,0.4492130491356213
0.0,0.0,0.0,-5.322620365849379
0.0,0.0,0.0,-1.356306208836688
3.0885136138513563,0.0,0.0,1.8270752861387014
1.3847367928144103,0.0,0.0,-2.403352679809492
0.0,0.0,0.0,7.352537456819277
1.1132922163109327,0.0,0.0,3.153261504620742
0.0,0.0,0.0,-7.047661354636306
2.6643926144904446,0.0,0.0,-8.235283528186237
0.0,0.0,0.0,-9.28670090189363
7.896792304490859,0.0,0.0,-6.910939905247689
0.0,0.0,0.0,0.03861184636722248
0.7438165660500964,0.0,0.0,-2.9643792768653077
0.0,0.0,0.0,3.2112876631611886
0.0,0.0,0.0,-13.679735795091089
0.0,0.0,0.0,-0.6837963170252852
0.0,0.0,0.0,-1.742287132118681
0.0,0.0,0.0,-5.8449261284705685
2.4662316079805873,0.0,0.0,2.161397736790426
0.0,0.0,0.0,-3.9510915755047096
0.0,0.0,0.0,-10.013056727985916
0.0,0.0,0.0,-2.36744346065217
0.0,0.0,0.0,-14.308903373889951
0.0,0.0,0.0,-9.301941126280035
0.0,0.0,0.0,-7.457898249706938
0.0,0.0,0.0,-14.167091770754904
0.0,0.0,0.0,-7.310963813419059
0.0,0.0,0.0,-4.244905115415718
0.0,0.0,0.0,-4.087505241841537
0.0,0.0,0.0,-5.939868414867913
0.0,0.0,0.0,-2.7730421396948635
0.0,0.0,0.0,-2.7831352938834
0.0,0.0,0.0,-13.847571056812619
0.0,0.0,0.0,-1.809086447565234
6.05180359077692,0.0,0.0,-3.6135255941030056
0.0,0.0,0.0,-2.295791303383897
0.0,0.0,0.0,-4.596388300489612
0.0,0.0,0.0,-17.988460298810498
0.0,0.0,0.0,-12.173033499913572
0.0,0.0,0.0,-0.8743984156550759
0.0,0.0,0.0,-4.6054009081014815
0.0,0.0,0.0,-12.043198808410896
0.0,0.0,0.0,-6.515018011582112
0.0,0.0,0.0,-6.570951579503943
0.0,0.0,0.0,-5.53932216201173
0.0,0.0,0.0,-6.916254525016072
0.0,0.0,0.0,-10.290108569427852
0.0,0.0,0.0,-15.088511885506518
0.0,0.0,0.0,-9.973510955661961
0.0,0.0,1.1992382229270908,4.890589087185002
0.0,0.0,0.0,-11.164907948647784
0.0,0.0,2.205167185378443,-11.499995626106315
0.0,0.0,0.0,-6.8070156820155105
0.0,0.0,0.0,-10.282593664610873
0.0,0.0,0.0,-8.2628877022298
0.0,0.0,0.0,-1.2130396007700135
0.0,0.0,0.0,-3.664412722468575
0.0,0.0,1.184505591780844,-16.13615482214358
0.0,0.0,0.0,-0.9785292599723459
0.0,0.0,0.8963869142249616,-8.284322752107526
0.0,0.0,0.0,-4.361379617894101
0.0,0.0,0.040462107073071296,-12.08461678861968
0.0,0.0,0.0,-9.764387688278505
0.0,0.0,1.581222424919527,-5.210439647165283
0.0,0.6043240437594735,0.0,-7.999607042586485
0.0,0.0,0.0,-4.768068391518208
0.0,0.0,0.0,-18.003796715940883
0.0,0.0,0.0,-14.055877554341127
0.0,0.0,0.0,-14.222391676244394
0.0,0.0,0.0,-5.82249396222909
0.0,0.0,0.3498301596218665,-10.381858923167053
0.0,0.0,0.06785876775393995,-3.488138706572494
0.0,0.0,0.8214589885121615,-11.028672712454267
0.0,0.0,0.0,-7.5102868237117875
0.0,0.0,0.0,-5.555765970140116
0.0,0.0,7.9015400367010775,3.0303478141488203
0.0,0.0,2.9815290519817825,-7.406727312552917
0.0,0.0,2.9413594565544887,-3.515255845634763
0.0,0.0,1.9348770211744937,-12.030688823188116
0.0,0.0,5.1399322981459274,-14.93822516777557
0.0,0.0,3.343683106044942,-14.035775477725235
0.0,0.0,6.45850682655771,-7.9132669839894145
0.0,0.0,9.830349799268909,-6.003044934247845
0.0,0.0,10.494644570484395,-13.915204743696233
0.0,0.0,7.74038702574062,-3.618683901102118
0.0,2.452944257977467,5.4177532793032075,-10.523310857564049
0.0,0.0,2.2574814820989744,-13.709104528770528
0.0,0.0,0.7257563094227715,-13.335346857835257
0.0,3.262327645043346,4.3204475151580946,-11.710862108593131
0.0,0.0,5.61968746892857,-12.705513018732166
0.0,0.0,6.639420113769154,-9.451897680998767
0.0,0.5829610329769499,1.7797138499579916,-9.924953165919906
0.0,0.7246930594839286,5.452605698548108,-5.335724006297161
0.0,0.07786382800032605,3.0816817306489557,-11.598228478676674
0.0,3.187305967492659,0.18457350414087426,-0.44461469904103
0.0,0.0,4.09335134420858,-14.887936247642727
0.0,0.15541655932017973,6.12139194117009,-13.114922129854033
0.0,2.49249376125659,5.338440176581281,-0.641650156182556
0.0,0.0,8.981037607556932,-6.049935175198229
0.0,0.0,4.757386297334113,-8.443429058771603
0.0,0.0,8.362841192281902,-4.040106725083387
0.0,4.9214629425761665,5.650978948025338,-1.7954918051798243
0.0,5.669579243827149,7.8428337166568705,-6.099662495607337
0.0,0.319585764196475,7.608156529562288,-5.902708432778032
0.0,8.66740342515704,5.6453565265720425,-2.001562952971528
0.0,0.0,7.258519364897586,-9.948583848753096
0.0,0.0,8.165158162714727,-8.67394879808389
0.0,2.9987849331433982,7.026919729430635,-5.956950090489963
0.0,4.67451249791497,6.099225843185691,3.270825442503792
0.0,2.70123152075388,7.195061740965702,-12.761335531982008
0.0,6.680683908605469,6.612643937105409,-7.34418972063947
0.0,8.560725805305244,5.8688482525613725,1.5543229724636447
0.0,0.2140502566606921,3.629885062839109,-10.773290555827382
0.0,5.969275454895307,6.4325488463799685,-14.763390838453205
0.0,6.99107762118022,5.129247995359683,-6.540876282656886
0.0,2.604496897916883,8.880263681939178,-4.983898674967136
0.0,8.686781601419158,6.784242774026313,3.3434284091408486
0.0,3.4806794180591045,8.663726068874727,-7.5122522622649655
0.0,7.233451435241246,5.642297388519816,2.9666623009639403
0.0,11.032231001210782,5.8445891395313785,-3.5505489456379653
0.0,12.549635599441874,10.500221328002835,-2.4704965893503488
0.0,6.655018854001133,11.656822779681136,-10.242465814954231
0.0,5.497579801422537,12.7292958230585,-3.05136736771398
0.0,4.9791108321771205,10.510883003855657,-8.029181282389418
0.0,7.662384271335983,13.04588369458627,-8.527830724928972
0.0,5.028184582059168,10.888521420844526,-1.8333886899781466
0.0,14.039490980596142,7.51256924568168,-1.5550857048748665
0.0,8.376963378270656,7.359951821073121,-3.848277523722138
0.0,12.507461523368173,7.240149857434739,2.481164895954154
0.0,7.906960422923812,11.737374396594365,2.1010931836655553
0.0,4.231545015618787,5.642745371544839,-0.009823233894627581
0.0,10.352671125084251,11.113605019836317,1.6412045535569946
0.0,9.165069316080881,12.342847369655837,10.70133093748431
0.0,6.372274529772937,4.979344060947015,-2.0165438165927227
0.0,12.225222255648628,8.227315967732872,3.9461804996026366
0.0,8.82511478000544,7.936308852519083,5.272113717470131
0.0,7.408430795174176,10.053351060508161,2.3326641071640135
0.0,10.635582177160876,7.966290866662726,0.2048199521360139
0.0,8.33112593787239,12.040768796055904,-0.6589114557129037
0.0,13.94824723516903,7.425654804024235,6.104741773019336
0.0,14.072620300312966,10.98281792959923,3.5525223527242753
0.0,11.719021367007757,8.746963097158028,2.7477418712740453
0.0,9.079406487431267,8.848397312856735,12.174888367176658
0.0,10.215493476225488,15.349835880108415,4.163113447245464
0.0,11.46546072511631,9.73773125517337,-4.35181759189921
0.0,13.117286423662623,12.794411708109049,11.122586976922435
0.0,12.005496327020698,3.6243162562160145,7.9735921124859415
0.0,14.052034480378595,10.878678606476013,7.229807069841022
0.0,14.621479605983442,5.437163030765183,5.770989976247073
0.0,11.375377151222409,8.746074123073145,-1.8056494278306792
0.0,7.481149435269293,7.616006446732001,3.448383998334338
0.0,10.268039901075289,7.446238274113087,7.728272421984056
0.0,13.50447590062894,10.462862659817183,-1.8789858432191995
0.0,15.002969905156576,10.671580867967123,5.32561866503527
0.0,11.67736927017495,7.60871284178604,8.804790221634779
0.0,14.923975314138263,8.301482992972218,0.6519907082426766
0.0,14.054594805263665,10.145151838460565,8.006481977922684
0.0,8.260284719437559,6.107691695678495,0.8698797332543595
0.0,14.182661589247484,3.5271604425317133,13.226325267000325
0.0,15.42430111577039,5.790651256038071,12.36394084107426
0.0,15.84596619594957,8.985170903444445,13.1201710711189
0.0,9.738609656598822,8.283042232951113,1.382744329562824
0.0,16.51408897508368,9.569159610803856,9.977690908853896
0.0,14.806464026571524,13.215560703797726,13.486931133529499
0.0,15.014502045359585,11.260486745435788,-0.5734405160225418
0.901250268805156,18.235903056241114,12.532219096156991,0.3526521263818285
0.0,8.612290455557961,10.516908841218125,4.074769546853782
5.52504763322343,13.044821583569018,9.95813252396554,10.802737910712285
0.0,13.729524462977738,9.720734682972303,6.259035255112654
7.577364989241945,19.88963765036468,12.135497258372709,17.716088164723125
0.0,13.818618580034306,7.1724411361057925,3.8405538872074834
0.0,16.69339274314467,12.198922994819556,7.202851451238385
0.0,12.89594661588276,13.006805429027484,14.850893117537433
0.0,10.266868102536172,12.854275863951539,8.388122002272963
0.0,20.893500530025893,11.324332259674463,13.544306716593407
0.0,18.221169549823248,10.918223696866797,15.214160464132151
0.0,15.336972200035627,7.9338938497740985,12.930645133933002
0.0,12.669140206865496,5.0438717190742155,13.093636154297819
1.4364427496922356,21.97559061862328,9.813909357081204,15.71052584178523
0.5136343177264417,13.730607058729035,6.497260540899161,15.79204140807622
