media_1_spend,media_1_traffic,media_2_spend,media_2_traffic,media_3_spend,media_3_traffic,sales
16.797230430841687,12.50964404820214,23.2379581739276,21.720074651652762,25.693496805063052,17.925828738438355,13.579419080969855
17.2932529918008,13.404798017657754,26.246326181953712,21.928652355775142,25.76027235707698,19.109324179476445,13.187498369308933
17.416551588968446,14.167548824152501,29.10700443359527,23.925381511331835,27.142426873199238,22.378471174607824,13.560850581214394
19.5981601341837,15.297438001171546,31.601804887019945,26.818887608880246,29.554749598114533,22.069329836824444,14.52161766283971
21.153971089462836,15.333022487401042,33.0641964170559,25.987243667968027,28.216793589682624,22.25824746314359,14.331049024510875
22.143225392525594,14.64398912985985,33.56595920497877,27.75857312822589,30.832769682359494,23.895884503957955,13.75482898449944
23.526943289381215,14.829018651421705,34.03144413714642,27.507529208651796,30.05602182264166,24.43713595705365,16.267378440972482
21.768700708552423,14.694192242549628,35.75237700458084,28.950439477054548,31.234250846909585,25.479835417589754,11.926939950755045
24.05523700543325,13.414730761164869,34.13065772195408,27.086698662209248,31.886760865619216,29.505683274339017,16.984232082036193
23.55904806365296,15.588874690125925,36.41299147013839,28.857775378574022,32.92301853422397,26.413820343622383,13.307862587885118
22.768657795572473,15.839689283526354,35.574946254179736,25.99644975370701,32.72313576336934,27.615586940078888,16.43536354499801
23.561909450646887,18.108542196566795,35.46524999228379,27.453933214397075,33.333326746064316,26.538807361745214,15.774375121147955
23.737944445408978,17.51301515640531,37.02048891883541,26.737249130996783,33.90951065750355,28.348636484250036,16.062193922338352
22.382614965922446,19.090827385980134,35.02763923308175,29.54253235419322,34.25023210878367,29.894838852852704,18.24713578901126
25.76835471090085,18.234768249326745,35.365573114276145,27.015009858884042,36.04725652743006,29.842331335746756,16.80981958971342
24.5100375704315,18.549643572450723,35.82832159509723,28.638258976889446,33.929664006276454,27.47967582099851,18.476804738778494
23.760270040452887,18.91105903705402,35.10889117214147,28.003642473891187,35.716753478435905,27.97415143241811,17.87677343315604
23.66484198843864,18.14871461825733,35.38649606316851,27.565010633154905,33.54167678113056,26.42229605719553,18.224608883248433
25.343417321687575,18.78067358086478,35.921112577890156,27.02786722820126,33.02458181448255,27.38491153786272,17.567918187812843
24.29380945435517,17.448799148473874,37.43849226542679,28.607708911910102,34.37668841974897,27.929069555772784,20.251951176657265
27.202722388132294,19.091729483024068,36.727236053896306,28.13791231076723,34.70264264074328,28.365812055411787,18.287680208428114
25.43986761785974,20.638198259747792,37.567750504854494,30.3307595316279,34.847103835266935,29.417536666054104,19.810058752650534
25.37334022963783,20.42056738678475,37.564350724440935,29.43486450128306,37.07661949203887,27.548307478292326,18.762833920059762
25.3988259426608,21.276380085755246,37.25459482202838,31.125154886507612,36.48862962898925,27.691813540356982,18.663647857691018
25.036957495269917,20.991075419583765,37.86514765895292,31.429543535764175,37.65485311416256,28.7122914715439,18.14701150041882
25.441708022546038,20.122220049195995,37.36173901174166,30.38283717773399,37.7702042956457,29.27926476736406,17.17905494498215
25.509967002972935,21.88789032503418,37.96625839332114,30.196309545417048,37.614247934704196,29.373489933010937,14.391100050452662
25.86667217292469,18.1531229253217,37.02892217221588,29.624133368789323,39.173609512043356,28.841816920148304,15.834717016568433
24.14647860214519,19.15097399389282,37.1894579375474,29.262994253677554,39.09446702958129,31.871822197144716,13.671860472467923
25.12234685775085,17.968177378236515,37.26195871332654,29.911029891736554,37.75217451958386,30.160481037287454,15.99652395649415
22.386268730226767,16.787095600915137,35.727327459542806,30.363240393952367,37.910811224856566,30.022217467870263,14.974201512085452
24.784653319291472,15.807735878124362,37.15632457263349,30.78421640764872,38.05742837342244,30.0532260595195,15.132532375586692
23.65857439651574,16.702320460251656,36.37180821653753,31.7475385185845,38.82640692628706,28.964892553199668,15.339304093581417
24.27673491155292,14.879672832996718,37.23927427916442,31.285185082263055,37.06145809689757,30.27974177121016,16.961329039503536
25.690159392358403,16.830091836441326,37.032170575247214,32.344953172482775,35.61318702179039,30.032139348775804,14.768348837744483
23.878191118736666,16.360820004874945,37.38090410283107,30.03476026846559,35.76342644203734,29.15249247329772,14.911513196019452
25.4947560143478,16.87102879339468,37.684576983842156,29.864892985356796,35.26172628865352,29.929883862619285,15.678964259131739
25.129380663712176,18.625224275087664,35.19509245141351,30.90289370653173,33.923683249345565,28.848307559858313,18.272562520856475
25.280674370175824,18.55008210630297,36.20159145678429,29.56953698767795,36.66570527141659,29.394567008628936,16.254988625574967
26.530638719645932,17.527721135291895,35.99604373538415,31.043669674385043,34.45433850250126,28.820422629221962,18.902736739805473
25.709365321735554,15.851251120426408,36.77834198375062,31.22076006450701,36.41667915253818,29.623268280922726,16.802306195758547
25.023399110076518,16.693287774006194,36.75167943173059,31.996968806003785,37.88882625409988,29.79824650226312,16.30919614265875
24.20160518093664,17.358712507546493,37.11461235522769,32.067044299665426,36.60808613966913,29.932916484217017,16.724741473125416
23.40448093109383,16.017451655024033,35.1991132899781,30.007418910034573,37.87937113518835,30.953524949362077,17.460744761277805
23.87672125150135,16.807455656737776,36.80338097124846,29.40000858818971,39.74575515553431,29.386462909469067,17.268955206832914
24.52891580235228,17.564780004409595,34.183707594239436,28.97621754489046,38.73761662512511,30.211192812830053,15.630461936894983
25.36466652625534,19.57949550490781,36.37415903618792,30.90227352618249,38.19826983440834,29.99237591573156,17.1191344175393
25.61265505001994,19.249837466690764,35.82879321388744,29.377603124150262,37.85778205804771,29.455032012854524,17.767364840189735
25.654860907002654,19.49228062178863,34.324405549184576,28.707976351748307,35.593769172893914,29.448478770611214,17.511842157523112
26.38915658078185,20.704669278869734,34.92743839733784,29.537843837296897,35.68430989254874,29.088700085849524,17.376999758984105
28.747570310515542,20.79961925251622,33.917205342729616,28.86061844017598,36.953755002297655,29.07547986653237,16.944577791878142
24.376052191666602,20.377304137852136,35.31186055078386,28.679925587622318,35.46157439057132,28.90220740621106,18.691852264114964
27.986970296342413,20.13162139681269,35.56115831378942,31.865416843669898,35.27113236838342,28.977802356063286,18.034371498216043
26.926271452768876,19.52925964899842,36.68100895633654,30.409643070910718,36.85452164027663,30.174606624912165,20.002001974933357
24.95385393773883,19.768065004932435,37.135680904961845,31.049628488790287,36.46758683853308,28.59814684616977,19.07953605658622
26.50411996943523,19.2647837378273,37.07243953149964,32.01806150055735,38.34109497630616,30.64638692575808,18.17702201479354
25.487742850745988,21.009328502478382,37.12689398000418,29.462498129009283,36.238702358980554,29.331963744595853,19.247089041156414
25.260473201500552,19.991852814657214,35.35864581760941,29.864742120725797,38.888312413620426,28.888257082809343,16.726785803908882
24.66329862234504,23.21607912528524,35.73419589920007,30.19165297834229,37.75082546371519,31.383629631431,17.10672152212616
25.226090089791622,22.06812047468437,36.82508547877696,30.59309842841919,36.87421475484803,29.842004986853738,18.336774356980467
25.013983524576847,19.450390692545213,37.707122228070205,31.651551620359385,38.152327098078274,31.387788634865522,17.342221344434947
25.107761668320773,20.94572653495561,36.6232717965192,29.17579714268111,37.05053006940973,31.24774008363953,19.104022215787047
24.72677636679441,19.66820834026551,38.65788099216502,30.704300917353816,34.494650817951765,31.633563058127358,18.88172041478593
23.46888853734564,19.20108518053064,37.25131970251611,29.52587863263595,37.14146010775367,32.04099296483882,18.460595896429886
24.21223755197463,19.214674987016352,38.74080540051234,31.50140495984757,34.915907734632185,30.679101513858875,18.21198229516498
23.36652844490969,18.661350315197836,38.454361123017996,31.963531873718694,37.154350445932394,31.931772746697938,18.048019626633128
25.318453502856993,17.691381106188615,36.30639757440938,30.79537372056298,37.314023196226344,32.129292796616554,16.97577300489729
23.169497077366316,18.764662823562265,38.59551933129232,30.407295315216103,37.21332293511431,32.439661100428744,16.694338521379365
24.55677945506569,17.472843419184148,36.865506430691504,30.35358419151713,37.04540771380766,30.74963556774941,14.880383954351439
24.39782856681265,16.976081815176578,36.71693102730319,28.23710562590458,38.55637014143633,31.46930388107092,15.508532091464392
23.24310019226725,18.63963745364474,37.0709432654819,30.491666320038995,36.05862219975995,31.522134531165268,14.701483605981313
24.635042833877343,17.80840867338286,37.83860940520384,28.895825572097625,36.173707711104235,28.044525048981257,15.938207569241694
22.85866664945383,19.101462943800094,37.323056548384834,28.95799619018773,33.5485182964404,30.49494869474674,17.360220385024014
24.449696960398835,17.38195021419738,38.78105210493608,30.250961707454074,35.47807288493415,28.505434268390907,17.830795833712017
25.17536463317036,19.127637307947708,36.25424494244173,28.93002979940945,36.24033864428764,29.038053692829944,16.647369706427597
25.703686597240342,19.27224690135735,38.57504306562549,30.653497971883848,35.23722195088608,27.472388308802568,18.118718132550406
25.498943548036294,19.38679008430066,37.06547196811976,28.766009384373376,37.569794742438354,28.123994496103492,15.377662542953601
27.326378458726545,18.42227364920578,38.93217946798311,30.249055887590856,36.054316825734155,28.37223544534239,14.982663481584218
25.336514198332324,17.15693126550708,37.71695914346588,29.31624874408453,39.04559267595566,30.158340546680545,14.974058795794884
26.1731141949725,16.849405504343697,39.467050793731175,30.744176340628744,38.62642843719735,28.621675316536496,15.479878622961088
25.980914895901556,14.959568507299803,36.88400329072157,29.03231195162585,38.779261338720325,28.38823449459397,15.511865376212334
25.05886205684114,17.296509337831267,37.34206273449803,28.98588981316917,37.781691192831445,28.53445879745071,17.59054055402918
27.436821609971215,15.864797184207037,37.63072265084407,28.477744750639843,37.21120848762412,28.649507765326263,16.190531648650772
27.27884797409037,17.95716135807188,38.89347915153868,28.48815854509124,36.8898067112686,30.28539349489182,18.3489576925289
26.386457123216367,15.020209582073761,37.30215753054661,28.496801161181548,35.447261338002825,29.97284767013042,17.16733561804342
28.490651520482757,17.049126832448447,37.70012186281388,28.860394100934208,36.209160149736576,29.756870045672727,18.207647842688147
26.98066534839699,16.374737874267545,38.22375060669855,27.569425195937242,37.30026295202679,30.195191861753706,17.790569161097707
26.416890909022896,17.03217665684694,38.81879905348232,29.292428967370824,38.12298114524957,29.387219996260583,17.953967353540545
27.08172686884653,18.609052153402885,37.70179331015691,29.610158954335468,37.932573751445055,30.43653537155675,17.141675580854667
27.11979701785539,16.903697037009422,37.7962361536217,29.56160391975324,37.53153262763376,28.628969899089093,17.383309005080104
25.433889871367896,16.772463323188042,37.60578677325148,32.07408100345056,35.99619919125193,31.003927120773547,18.610682691177928
24.575626031234826,17.495903476230552,36.858517546405764,29.15271426237412,38.14168573988354,30.863237158279148,19.566946517053992
23.150558368923065,16.593199420827734,36.50953900738466,30.306517663558264,37.46884283259784,29.711671897904058,17.79106201840243
24.14211243120451,16.228432383965142,35.1485520396971,30.405544403719173,39.27508199102038,32.00451660991963,20.396422148576082
24.328398775383725,17.038728843466274,39.71602620900134,29.82129101063726,39.869341517291744,30.485745373104898,19.342239382966774
22.15399489356123,15.61717423305458,34.45490343950897,30.99518811695613,38.38597910825709,30.02935240957703,20.201136950648312
24.81791584223383,18.299062109813185,37.849973853629976,30.310686195242994,39.5173977082039,28.984585188107694,19.03756690302407
23.768976663163578,17.83733678557069,38.19572942758254,32.22235887861606,39.686282320558234,31.18116612881409,17.68078848190099
23.713277443613517,17.981690086747697,38.205896774745234,27.699798446500573,38.25552387306567,31.24462034267093,16.725095407449242
25.234207328180425,18.867188843696756,39.53826080333867,29.782010789991265,39.73476156190152,31.08431588519673,17.304848077920642
23.372585526527494,17.166673447942316,40.4126818452826,27.65925004895751,37.426640798197255,31.624831504498474,17.041124656946486
25.248060017693057,19.899114707414665,40.50191358128386,27.491548853647387,38.007637786985406,29.785123934298113,17.19092346615413
28.519052676813224,18.27388829374364,40.31572152910502,29.412789636507625,36.55185068778282,30.502256909749676,18.134221383008512
26.00996031214504,20.15341709351126,37.803514197123576,29.74770223952354,37.71899150138819,30.511004277246943,18.610815797010318
27.010755427993892,19.280518515680605,40.19941466138785,30.206851198736935,37.42005479354839,31.295229639023567,19.63314182417897
27.09153689095921,18.568602411128687,37.03508034716287,29.632659062480563,37.298856819746845,30.86575495954789,18.85498508579338
23.687229521270105,19.724578494033793,38.8430243943656,28.953979288827245,39.59974465129508,31.409753088042752,17.337923086098492
25.761898411579125,18.38663450753715,36.06144944898036,28.447467118822125,36.54244705292216,30.9617699227175,17.09961993959965
24.626276409875857,16.221004676704286,37.88994468755471,28.98740520092727,36.4968518737836,31.731222146633513,17.86584980865237
22.273607307370177,16.81146251657946,35.19542620231674,29.330403395959465,36.46287196260519,30.115515300329776,16.38953882295651
23.428796303022466,17.50634314088388,36.89960778194217,29.73832301379764,36.45481486452681,30.305467608438676,17.86633024107379
21.585975773507652,15.045936409347167,36.02469298030149,29.04171855323098,37.624713405541016,30.363923167612946,16.96538527994281
23.021913036229776,17.30874550180341,35.109502475787664,28.20077294215425,38.21220900348325,30.36168586409342,17.25864990466389
22.252886443029816,16.98724447780714,36.6962637139204,28.71549425469832,37.808422516304184,31.41498169026804,17.299080727097746
22.99049366629833,16.93355375431328,36.02831230043486,28.482169718458945,34.96399837034616,30.688826392503227,17.768078750572293
21.968768883087076,16.65440295968764,35.042975665203194,29.99809947046832,36.87770379006467,30.109871422857378,18.098374957761855
24.122563534440772,18.3172246268088,35.86364543460574,29.955081996589954,35.93817198517761,31.2218122154868,19.02838932069805
23.26852744669309,17.463906274716244,37.423952630105745,29.313207945363693,38.269297889521226,30.107353660156477,19.023501257300886
26.697477450678036,18.43474964490351,38.19989620413936,30.094700374772938,37.14906691360301,30.44858187869192,18.94794367007867
24.74546274634729,16.921747251280447,40.00856479364735,29.190972684981954,37.3654534385351,30.49190832127845,20.99857454705709
26.473286259256312,19.031591927130076,38.0294290883353,29.619906740329387,38.01311378427776,29.789072752795526,18.92374291810879
23.7003075312504,16.757589350585704,38.346516606213605,32.01970714300984,36.25572125680899,29.129413137242096,19.22839892886565
25.27261000110896,17.957467687698607,38.53100390066571,29.165689599043496,36.42280591587385,30.81218387512587,21.41304552137941
25.83131412085492,17.600026761933254,37.752183485476856,31.824550709730474,37.95019149011429,28.19094628937833,18.536054164800277
26.258652304388605,17.517355877539018,35.883534569216614,30.509392237071808,36.1522301798452,28.242168913009387,21.11642193053143
26.787165069025164,15.973093588419136,35.763341551279126,30.088040269626518,37.10855900736486,29.204520203001266,19.835683678546
26.78798777001363,18.975614690648264,36.507365694663484,31.13721702012606,36.43761576872157,29.904275103422776,16.553876780783682
25.96095138180355,16.597412439688643,34.823203519362245,28.887028030252868,36.683771110041704,28.097764131390612,16.12494542493998
24.453421064975295,18.331839043143496,36.24996128948096,30.309327454015538,36.80894117409713,28.826904582093526,15.340551110076557
25.865704642076924,16.324846152382438,34.03519225650288,28.836753567117455,35.413941182864036,31.159192538195413,12.325894438271048
23.92284849638832,19.389953652158752,36.114516332939345,29.052139608268895,36.615205155221396,29.125649577684204,14.834619755172351
23.256493739820648,19.00279968969935,35.48332069173696,29.37199656220273,37.08085969135336,30.360664053467264,15.868003703540348
21.717999688118446,19.412415120526127,36.33929685364252,27.96137288816596,38.31220001507616,29.83984453769481,15.716414209266762
22.514446647438866,20.16717961859829,35.37881547948316,28.076471439163264,34.71970371582039,29.727744448935454,17.266886348581345
22.544644795776854,18.876259705653148,36.98055652988816,28.266156833447965,36.82064723727441,28.486555608693067,16.69523382135788
22.36178306902572,19.567807841923116,37.551877484287886,27.797653031224517,35.13434753079147,31.374727542434655,15.503004836839464
22.597090685330027,15.967849573549792,37.84912761646753,27.23570401071823,35.879841392646505,31.17583764025482,15.87749466641872
24.67564008666764,17.92430564856559,38.06285198618262,27.699656099234637,36.27274483691282,30.597567369913975,15.621815631343155
23.309305786972338,12.71164005790408,37.41562438949668,27.28249812457919,37.120241040429285,31.635345488879064,14.51837732008486
24.783692037541535,14.454561469878879,36.99100120533201,28.880382671993786,38.555114363838925,28.62894975704565,16.569396095340714
25.36059446338045,13.832942770267472,36.84733724908717,28.61228520547826,40.28051626235838,30.216900241718832,18.49710243343751
25.393152763920753,14.761149913946568,34.68529294051776,29.405615210768158,40.603558619906735,30.949828087047877,18.940575151959933
25.67251587402304,14.822844845172938,35.60015416878608,28.747360234546683,41.95463709102822,31.23311698213196,18.98999209933963
26.586886645712426,16.412581738275946,34.3366966156952,28.481686304472078,40.56945066963128,31.038852721476673,20.128747671431398
25.42797831623021,14.78866154480992,36.32747950982031,29.187294390600815,39.59090622483865,31.258773441766802,23.29204922454994
27.244186923643902,16.811930523394516,38.921046750391824,28.659964687247264,40.847274275465466,29.92145772225563,20.476544431397002
26.632169503999158,16.23879971553857,37.908743989311766,28.350833944883583,40.587153743391795,31.334799730380084,21.33603569900417
23.764662561735406,16.519287912041488,38.90161175184006,29.04908296358611,39.42487574243108,32.358610189789005,20.0012070083701
25.34316692008658,18.911175601891266,36.76021251796537,30.19072845249768,39.96551649611217,29.998916337976787,19.410062163475487
23.245012835145573,17.497248940213822,37.9794709214064,29.97303767229582,38.49573728333662,31.670835884361626,18.294958772471485
23.41273666212407,18.960466380066812,36.50708404834021,30.562880752585073,39.988767460150086,30.071829911130244,18.849053645221264
23.13532442356739,17.203012045588885,37.57544253283484,30.13953031145157,38.924868318843316,28.852408575514115,18.2138863167898
22.514157098851104,16.918209952581186,36.666324875955524,30.4499380926693,39.69332560062113,27.793636413305414,18.831689009395447
23.782780551037423,17.07900952342374,37.21846878015416,31.533364206196758,39.65196527772945,27.540416411470396,17.411140564679577
25.649461968018592,19.474139413830734,36.11086714458494,30.0535929783547,37.925278196704596,27.784033881545756,18.002882114492134
23.988355415008662,17.278655077567954,37.892228833414926,29.068545231812998,39.789370921118035,29.088032335522982,18.886320207124815
27.485038620991382,19.265645458620824,37.624254333153495,28.5745797193403,38.48747347449468,28.019780789360823,19.32653423160835
24.912387312487596,20.01501350106475,36.6737558735602,27.232065752570808,39.525403187796506,29.37274987412158,19.86936968319465
24.840404058503456,18.760725457273743,36.87474350675416,29.117369540374057,38.82260044686096,28.40878034125581,21.016854661859092
24.42411292308583,19.718957661530553,35.71241563069608,28.503115556093157,38.81234482976723,29.92498980778022,18.03532472032905
21.32043292347779,21.13938309699828,38.08360094661624,28.097218839852026,39.21864281902521,30.610639218345046,19.794900627906713
25.50506249637786,17.95279261514361,37.14795135144877,30.468486041987454,39.05965731528794,28.161416678716563,17.929450774303227
23.259308470083777,19.53500999328749,40.070102316941956,28.43048075182969,40.53023833654673,31.556879446725357,18.850935605449344
23.83380817139715,16.073117762196578,39.22459784996603,31.687165063938238,38.0860565480312,29.58494570159663,18.293736574905434
26.452082608492855,17.677764692398352,38.65250553225857,29.695165111080463,39.357466339159025,30.645118599348564,17.068811549871455
23.336867274515612,15.052629702693043,38.84591159359191,28.792297914985138,38.542744223702826,31.712258590607917,18.046405691326854
26.03151313250126,16.268079214796778,39.109626359124604,30.07459473975584,38.28499499400044,31.015018087209853,16.547433968101185
25.88339082639252,13.897946337569543,37.614557801027345,28.951332812113886,38.522603661129324,30.841379877327824,15.406497608342614
23.94144544333662,16.091737417645504,37.70301801397936,29.63484112387452,37.48906726494172,28.62330012198672,16.244402476647224
26.12019545750146,16.03883520217413,37.9999508930832,29.02033809476744,41.09739063373859,29.501084753400683,13.480206825198614
24.658058495270044,15.30139120633233,37.559239682452855,30.08783962377203,40.14826806404835,29.171000978310765,15.455327991506866
25.43535160435277,16.86112905659955,38.55079412361398,30.18319296500493,39.318643109695174,31.343730121258442,16.60054198243248
26.498657965929297,14.380015627016444,39.01667864237378,27.92529837735514,41.83403009247793,31.211752035219796,14.377754004656088
25.144970628790755,17.51214741765726,39.347252767931664,29.02343565552213,39.568814441222955,33.2689851008586,18.215278986886748
26.549916245289744,15.140075096023313,38.46445220105741,27.970644443243476,39.99216857186782,29.46830155335494,16.226881055047066
25.566641491563335,17.41986962900549,40.11136112438885,28.374899299939113,38.99854271573865,31.56320567012122,18.252047043282538
26.366315867162434,19.375607623605454,37.26158458012183,28.1073140756092,38.079255975762244,29.54981097238921,17.178987857616427
26.991014197837806,19.431954597493977,40.748451208774796,27.79616894347508,39.1957602949029,28.105021648194004,18.043656588197983
25.431214929356624,19.88482632422553,37.08645537473089,28.383850387064726,36.51327372106897,29.77049115250295,18.65808081990695
27.66540912161649,19.374705058787644,39.25558430818761,31.072905107014133,37.88150536291563,29.301845446589816,20.2334896007287
23.691068606448,17.95498054709868,40.21963192973381,28.931875674070902,39.36152847605352,29.601407248068647,20.78473364502604
23.61959279749699,21.095291677560894,38.030498124090514,31.779223655076642,35.784446875078025,29.76827485647498,19.53676300971454
22.957693308226506,19.07865713769959,37.560473011210476,28.947142150375555,38.279648952566035,30.132056902341127,18.529402506014716
21.363481785313343,19.35092219804828,38.907355734857596,31.01625190916571,36.133958712115486,28.75708805545048,17.819148919485393
21.920786690392084,19.453411297601132,37.54066768994167,33.0239973297726,37.616020647921935,31.545922119800174,17.42209864948424
21.55377262056913,16.672704549060718,37.695572622238004,32.129052802246555,38.19425222533479,29.947218906921172,16.894650563793874
24.274475439107196,19.22687685249484,39.32822767648116,33.48993087759717,37.32449549263045,31.935202529372496,18.149305186888643
23.28700109387983,16.549878480144525,39.273235047922114,32.38703361786022,38.79413581153822,30.99924777117578,17.882449474435578
23.417818726482906,16.51043713210179,39.29646068843987,32.027182209776015,37.13249895042332,32.09274887734897,19.02466057905903
23.583007318593932,16.255573865532032,37.7704744950344,31.02063360986972,38.20842324140096,30.854911745103983,16.001253410305086
23.308808422307866,15.97216173268767,37.90992916624812,30.738791625054525,37.395124345524444,32.13094004975071,17.638808858719838
23.67768131429064,16.540122319284833,38.98265965655173,30.285869281506187,37.79305739941868,33.53357309376884,16.54285868024705
24.42920551458412,17.188457123129034,37.545042453372474,30.954621364157862,38.10571434866452,33.61711651203073,15.7450416298015
24.797455663939246,18.963428477172236,37.83196425505788,31.60033775115202,38.34007648462986,34.28853645827789,16.942363473866727
24.522789620202175,19.306477706539866,37.321015585619854,31.506275740894615,37.921405474210296,33.424468513471425,16.821456277327137
23.948104048246783,20.488257481063773,36.40481586280895,29.943539273772405,38.461570781498935,33.26826807985379,15.42974942119667
23.28124663489463,18.611395205357454,35.38689437203783,31.167251019938977,36.88286719983863,34.033326968469325,17.89035159387943
24.525933025417842,18.714376974576865,35.6148191116465,30.337353028546218,36.79259860098538,31.828128808435913,17.922750405403715
27.341975074704663,16.630434611835554,36.89630592754574,30.56120680055325,35.95399938839051,33.478787072587124,16.378237780685726
25.513634186657306,19.24704810265792,33.29318335774828,32.06311231977261,35.5358233796337,30.488001625624868,16.368893892403637
25.975086391964556,18.04877605789109,35.06058969496088,31.38284131974658,39.15396430287733,31.825858714077228,16.3395088329404
24.973408243230224,18.43383614791805,34.845604695654465,32.65382185737984,35.91059937044165,31.422262951024518,17.457520529904947
23.146060272082273,20.399544314387576,37.3593973904892,32.58016389137693,38.68351870777883,30.78051321337169,16.75194364889173
23.511567270601606,19.670472495093676,36.71738638449416,31.770150062890604,37.58682260081408,31.024833274016196,18.103408861208713
24.64815264424552,19.746398339067174,37.31139624499042,32.71773223464553,37.4406561185948,31.076320707978507,16.3049276352888
24.303327797830192,17.904872380674647,37.28483399820366,29.45809166860483,35.049152416907724,31.83291914423339,18.410295756825597
25.21914536311155,18.64810774195291,34.89339316032512,31.0568701587002,34.846814782430855,31.91710300701991,16.5902569392919
23.463916589674433,18.618360740884203,38.12262926180864,28.962767932079863,36.08236021147378,30.94514520120761,19.30311701838481
23.71322041622048,17.054271401220486,35.61096589720185,29.74423320326145,33.18029740457324,30.624010680440254,16.364447988383134
23.585967977865035,17.864355885152747,35.87086831671707,32.15145498691257,35.54161595123202,29.54270394423578,17.497018517163276
26.29664644026936,16.49199803916901,36.65412503535062,29.564319335468564,35.197038039771414,29.76721776667579,18.696944655669217
24.531273306284575,17.598053630660647,35.77392032244545,29.29999491945537,33.66284256848554,30.925732236147546,17.455332986837504
27.303310689694257,17.618296358014124,36.83901610290381,30.077707384751115,35.825786469428515,31.773838950145517,17.995264872394984
25.56867959093818,18.834785741512533,37.368465755102235,28.70409360118373,36.34068613585289,31.65661069740306,18.369318302592657
26.57775480545036,18.568225821351483,37.346487015866884,29.407852697859834,35.991090974927644,31.359692135936363,18.35232675283124
28.101970023318316,16.85098002666496,37.00513839532731,28.897967181222405,35.17376666527442,30.670908087376873,17.856696119933115
27.2526439307532,19.913773816457123,39.89805350101318,26.929462296035943,37.24300903123641,32.362914602105555,15.746347216879194
27.928192811389053,17.78733130695526,37.994218386110575,29.09710058181263,34.38095825471028,32.685636073603646,16.1535150109005
26.03471124791026,17.43578383642846,39.64511457076004,26.65534675902291,34.845507845749346,30.17235898873856,15.349979896799386
27.415563124759615,17.132506755693967,38.120902207735455,27.232016136878393,35.011407371534474,29.603568623290837,14.896611984289443
26.25529451454605,16.813848584878265,36.95267457838622,28.169324204580775,35.711636084840165,30.18467418753856,17.358944374246352
27.143772047916293,16.858710830420453,37.79426958476469,27.724778712700537,37.14861562567739,27.02753131861497,15.796192942666131
27.890131799738427,19.390182343771016,38.92828420976976,28.722377869581862,37.506712437794064,32.425051945934015,17.765363864701747
26.079211590917446,18.13384066170328,37.417858087188726,28.303016496609125,38.052022559171064,27.325242491063054,15.965684797535681
27.23157510552266,18.480929149769732,38.33438953261134,28.123101558120208,39.39123980091121,28.701486522648437,18.771253087108633
26.189016691408273,18.593011334096122,38.37629627920131,27.18879229586277,39.90582427688474,26.499198315720246,18.161606528165194
24.81401513322419,18.979540948639016,36.58798328172918,26.80929432157328,39.8498516641114,27.511472960695873,18.55637767289747
27.15239348473208,18.789244353580834,38.55069822144031,28.4938328644943,38.07630894942802,25.72560578449319,18.97437159724437
27.275650762197387,18.81666196537011,34.4874059051495,27.72501620095392,39.09846167964252,26.380386477957956,21.27935331669534
29.133143983974712,18.85985077477753,35.047308988604904,28.387706490804828,38.25351011991833,27.032254386178998,17.206307656981465
28.942776642859126,16.55096821650335,35.85382806506432,30.98331511300207,38.32254265547376,27.282884784409013,18.936370600896932
28.76603196156639,18.068961846482598,35.655649533405644,28.9063078845882,37.49661091625772,28.538872098944235,17.226604701853145
28.456268019106304,18.220457821026347,36.12208183624138,30.724644476667255,38.15835262610261,27.891209885790417,15.725855554773343
29.213846961235184,18.782354046443423,35.457033680216234,29.296992976076467,40.06186630361759,27.89378603131729,16.790928548900595
29.898700020250647,19.2253864437426,36.0030902879528,31.26185849546481,39.19451789466737,28.949179142003597,15.996531349953468
27.386815340611356,19.174069785519343,35.46187592137217,29.76129616377027,37.99622616207879,27.163672216989713,17.419823212236196
27.61352452255852,16.45382155303979,36.923734784436704,31.35198270214068,38.15370812069183,28.217308577299352,18.279931194061394
27.980398212620692,17.895486113443134,36.98005095048052,31.68031317019981,37.62765010990675,25.857378272044546,18.599897128788392
26.530831705679578,17.031021315015387,36.42656890436042,29.255651098564627,36.77575807817799,27.248544020949694,18.187250813742182
26.99653700848144,15.835836880218675,38.081104321826714,31.594128919962216,37.58239267231501,26.223822295421314,18.292483443197213
27.24602816318216,17.228216468466496,39.26104658181458,31.060819585520345,38.86364000442557,29.436091382638423,16.849802277678773
25.132724937224317,14.815198274008909,39.50973283244388,29.807184625645657,38.43847515774544,27.94447809213456,17.246660278408285
27.673047559109243,14.535995095330849,39.979775292054086,31.605965684724644,38.771027569710725,29.056459500336572,17.89071566711362
25.217081236597046,15.739959980631053,38.963871660487,28.571298946861077,37.375859204133064,27.861638806888077,16.92580194935865
26.250216532671377,17.941968768455038,39.75870595968303,30.028102869031557,36.862003895903975,27.12768730836069,17.797769548004375
24.045635103704996,16.703415844414327,38.842439811078954,29.76446202649077,36.8427560702364,29.048295320723792,15.735553094893767
23.204618743529316,20.549829692842348,38.395215199527655,29.197007290273067,37.23129121025366,28.098653819862506,15.683741260781426
24.674264577989014,17.52382700300898,37.494179694150304,28.235044382211,38.06350763808682,28.853187703762003,18.23299012437924
23.718424553422746,18.638260943690042,36.5092747277072,28.55672641074209,37.073405685728105,27.77188301872284,14.398813558627042
24.27267999618795,19.45661127010916,37.35142150961619,27.723430906049522,39.29412714580682,28.88419328129558,17.143778664708716
24.30482638823567,17.955352739822885,35.88176041978232,28.659546574392905,37.861657703520734,26.411206258640547,14.844154865169886
25.165717007509713,19.869544901494027,37.14478076435974,28.741532726215684,38.65270653104265,29.503656125019795,15.992529498062773
24.87166009497735,17.33815737891255,37.2408067598808,29.850419363360302,37.6655692759767,29.424598847934938,16.136469870165623
25.177103051049436,19.174174945401845,35.846266549764884,29.38767348904659,36.80493051247463,30.123961545502357,14.214203492982733
24.921322700055896,17.3773429380332,37.18259803511934,32.37090705159921,37.38546769509266,29.718383046571255,16.333392457468573
23.869265231083308,17.755230559622166,36.101099419105935,31.328102052695996,38.70020906864468,28.918841438762662,14.723953296120659
24.919696660036465,16.97912307121961,37.33538635554747,31.608251716898806,39.121663215159785,29.397605028083724,13.719270819205752
23.976596224039625,15.836395752955376,36.56352753894804,31.483682286105495,38.51665139594188,28.0734706749097,14.61596805423611
25.307851029421386,16.443626474081334,40.80880029320224,29.189886670266397,36.09993102353703,29.878734845407454,15.27500599209566
26.04045741680554,17.87138484169338,38.0071762919895,30.732980629833882,37.05408582512435,29.444348821717703,14.419850305380422
25.762257772485185,15.48434757576527,39.213953732631744,29.533880850038525,38.61551927852025,29.86877371566969,15.87654543099139
25.03754268240945,18.388592468600493,37.757879301636635,28.418608776573762,36.36604243980608,29.255326180455555,14.346196039508182
23.220867542852616,15.677616262107179,35.903335438608224,31.16494100493852,36.38360496615133,29.83086445645209,18.2378087604419
24.442897826800596,17.357605023795568,34.84318360074987,32.14774384584466,36.398232919609875,29.097214097228736,14.405092464868702
23.611313288302213,16.670681388630122,36.58055161474849,31.172161623420354,35.66984870702389,30.03242118282885,18.19307207326181
22.61183048357072,15.670174176861032,36.732084708817865,33.15225535300471,35.45796700298892,30.536362427765354,17.166743665478258
24.424156062632953,17.429614379307512,35.923288624106455,30.98234087467464,36.015250187403396,30.50904868679787,17.13030779950718
23.080885428180235,14.947373060069493,36.308954292715285,33.30586755114784,35.253018025120916,30.720754386786943,18.086319257312105
23.77956318196761,17.891250324502856,35.69012651997198,31.50769318456359,36.537809944302715,32.07057947462753,17.56736130224477
22.176689347264368,16.13831118493726,35.76386802684626,34.363698048655834,36.86942299174064,30.911585839940983,18.93920819242578
22.374524960646397,16.463148322027752,36.21835138455664,32.52886839476143,36.70120596001829,30.59094223045339,20.007906641743052
23.67870112492124,17.84140374267926,36.93723335854024,33.54934822662568,36.75420437506209,29.4210506569807,18.204601767437957
24.714993423973468,15.223522059416684,36.514729534481624,32.50508078154198,38.45080315448966,30.58468305305785,17.4490154240438
24.99442106749111,17.186267187743105,39.12495822714541,30.186336468442803,38.61176417458934,27.68987820223889,18.456526996098575
26.187704497237995,16.06208351897925,39.18598358717213,33.342059326359646,36.455086338514604,30.66821533910698,16.88154171957666
23.567344482731123,14.905124954563588,39.015184903835085,32.02308265302301,37.35294644730755,29.873893248643178,17.82455840975939
24.854063472784638,16.059513855225582,39.49701939209908,30.996826500387236,37.671620500362266,30.214145224370302,18.64960860872413
23.26680271650801,14.398506430678502,39.29868899047267,30.955659524738564,36.708966762309814,31.053715979250292,18.114662518963627
23.60715462401413,14.075519033952743,36.753049554533646,29.593164790093596,36.29169681819724,29.17374700844737,16.236483616740202
26.162400899988704,14.669975258997335,39.217627003269826,30.845159996965414,37.18124433467098,31.24756551668888,18.50773997684294
25.605966660065096,14.587691089732656,36.47619073580146,29.86251666707699,35.579000726774915,29.552014725463778,18.17243191735614
25.05687196170296,16.326589246241497,38.06486828132596,31.663068336782384,35.914982735974704,31.484219720820303,19.126515855113638
25.952813936177762,15.38153219019346,38.23403059871573,32.632690318672715,40.146079572254614,31.875121886273917,19.480844493164998
24.421846375275514,13.934619212138156,38.273922538332734,30.350477986514928,37.31442614386822,32.12433910551112,21.045552745415453
26.438025466882998,17.160162082818694,37.355124981369805,33.187095907867445,40.83939973234807,33.133118209278095,17.554723660619818
25.689359911115176,14.546255183512175,35.37858792808947,31.443357730829334,38.564155121428485,33.345586080755,20.10899754769331
25.306961796254093,17.080063139262954,37.94414075685064,31.331026796096424,39.87724382788231,34.31360852137401,18.08616024804165
24.952637552607676,16.75864136972435,35.89882768093398,31.611295643994524,38.665689858470145,33.524412448718856,18.390078526542567
23.423861991397576,14.876263730575157,37.915495136334854,28.65449339652964,37.87617299751774,33.98721367750867,19.627136058691708
25.21435865784558,17.347041060240215,35.72661716434173,28.975900180018968,39.613352605282046,31.197920276237316,19.074700558218026
24.10888177563971,16.58355118163419,38.83088627271333,28.27920140855594,38.867837994588385,30.902853404041444,19.743893393758718
23.681085131637584,16.09396734774354,37.999250450412724,29.436018075208615,39.16975079442056,29.890733437666512,18.975306267685056
24.937387259409206,18.29489742434906,38.4015501579362,30.20441374098062,41.60780730551255,29.849232228713266,17.949713245858277
23.71518326168946,17.280455165246934,40.60502014573731,30.698320834042338,40.23873056629787,29.01997227582722,20.190005526089756
23.101985096396003,17.156635454012598,38.301548260746316,31.63197920256303,41.50727726798975,29.028253609786702,17.64082405818573
23.382705955661805,16.70898580632634,41.08094844934786,31.040377549661542,39.0076083052324,29.01044351118395,19.985758157396717
21.686402878454086,16.834881621147264,37.916318890505266,30.80529575633159,39.362653789787835,30.96913019110176,18.244984389892497
23.915192339701903,16.464630473617024,40.25144292233763,31.62201317167721,37.89258749224218,30.68540605276098,18.120841789958984
24.47949388954703,18.021981249516276,36.61898108353856,30.325247446421564,38.80007287708829,30.351712156305577,17.968539763274002
24.700314002511778,19.545093212298482,35.66983205324516,31.497821591360612,36.75376267627385,31.423969157069415,18.153212854850366
24.810616652893913,19.56470632589557,35.13575939125896,29.72205980859058,37.72931649393754,28.72961386254167,16.98881760019157
24.258728576631214,20.129166010222598,35.596711542225385,31.465804333411597,38.13173621112938,29.66436717107908,19.504076830686337
25.091687607613675,20.66290184164408,34.91852505097276,29.038042398791,37.09843079416045,31.051582416457464,17.130704310418157
24.063919106173444,21.137968289361027,34.288427818166724,30.317304446380447,38.450286959328395,30.59032116160043,17.71739621572248
25.728694204841542,21.82261219375765,34.76290708665102,29.52516744353141,36.739686986293535,32.04382273101381,18.163465123613523
24.83628543653047,22.2698864534506,34.73685326117484,29.80677164294048,37.630851676704225,32.682053765163985,16.12077463237525
26.580172047106245,21.089629939175442,36.578804067466734,30.809861937635723,36.34655302902596,32.73540164361723,19.3531494529429
27.325322741452908,18.30334361679759,36.44601484426244,30.400392374625667,37.50597099297053,30.928057176526814,18.067546742543318
26.78414926509648,17.920462689069705,38.180278382192284,32.907948708816456,35.866071512874264,32.05348837465593,19.434363305140884
26.04974163192225,16.675442524196253,37.247286482297405,32.14496703741189,37.07532788691789,32.00937315291519,18.780809308010127
27.80802867782167,15.103945883217555,38.408316020546316,31.7288869741022,34.63837101916149,32.207012005904666,18.849622565311282
26.037649650258377,16.97963461989696,37.74328504472693,33.07746045067732,36.47178564485309,31.55775262874068,18.96036997321157
25.382228485509863,14.539092554452589,37.508102677562164,30.63931147857057,37.414886630353,30.673322824355893,19.523905851945948
25.16012622602579,18.63240121206175,36.75682507524133,30.933814446176733,36.994536287707135,28.879520845920624,18.706814432254603
22.66726852967363,15.2865993059369,35.279951583137375,30.935085572827177,39.42124660343577,29.4197204098623,18.700325068723007
24.340170332171425,19.38904215285873,34.97026795023257,30.71779157795503,37.39379196535159,30.20973579274259,19.021424532368677
23.011051935928563,16.58179413089538,35.66255575419215,29.40890157009084,38.475866556141256,28.76333550096278,17.504921420758393
21.95374588238186,18.77480536788448,36.71222760250065,29.879899845502123,36.764332540446645,32.45831259414646,17.57489284138613
24.030241226878744,17.420246341781436,36.23768438259846,29.456543356599518,35.77375622297855,31.388089863392253,18.33936291350125
24.582153764459733,16.60896432110398,36.936762593323735,29.22158867021455,34.32468099754904,31.257625527675273,18.61834912170228
23.307854258532153,17.830843898393955,35.299633566948444,29.223877345276296,35.79435081506682,29.750594798139304,15.921006125331367
24.427772105653595,17.33828677833292,37.029663335767744,28.946707963841767,35.17050284422419,31.112368320913,18.445412346817328
22.222895365077036,16.819520366474073,37.46413024194557,27.27593120073674,35.88063923306818,27.938925282995047,17.72366310463332
22.414152116080594,18.71285683393336,37.735364150009616,29.441548050633735,35.74668933155103,30.539803947810036,16.77851937425354
20.992268960296027,17.054291454136056,38.79329534895672,28.82206475494784,39.13032535665444,30.327817923689853,17.31876623435147
21.64351178817512,17.220555969868528,36.59113390876019,28.267629416289857,36.74044504145753,30.018402603361135,17.63762315335827
23.29744979444962,16.910036915107916,38.29923610598327,28.959959410747324,38.4336703151758,30.424949327399126,17.268799867181013
20.565562681207897,15.722474250124069,37.443448746688404,27.819906568115588,36.375647666129936,29.98942545169018,17.28315589915408
21.782653243027415,14.72562693205266,38.34358558360031,28.80092589165765,37.21504985739067,30.454965295307566,18.349067364666126
22.19935343238275,18.49398796673173,37.39167437808362,27.134296816922955,36.55902811873904,29.38948381954404,16.532299448563833
23.266777348838872,16.722982623626706,37.48759072747487,29.718976918083406,36.437676234344636,31.198465723521938,17.215983409674514
23.72931129253922,19.19403346811105,37.63209124113603,27.719968741010135,37.020856352301735,29.343111414924948,17.16328307231406
25.34164759061749,19.533110143134003,37.18261001925835,30.137008865909852,36.329954863300536,30.726981972538837,17.01609585641322
23.995729035410108,18.025700502706673,38.31135565360887,28.765751158765273,36.93181830111901,29.79104852879,16.222775657513587
25.67277325807987,19.249147213978706,36.045260398590926,29.04672822131102,36.607243061339624,27.78435256331572,14.249089419580837
24.04384488918665,17.44607255628243,39.96662439701757,30.377513106962724,36.91612357658757,30.315634919811373,17.59612356713831
25.189334313780115,18.01885204876362,36.03930701690217,28.21492595064386,38.40113537156343,29.070040373108483,16.64704039227736
24.523225221314753,18.405698322093066,37.03711376549409,29.61865911161791,37.785390979222754,29.51505809626731,17.823610970292172
24.24111225949947,20.027603704024674,38.67336192560062,31.514848877439853,36.84319440842161,28.9437534333646,17.41261463318615
25.199433696328022,18.340582194351533,37.26971997788982,30.401671941593445,40.345163224845585,29.429347881716748,19.154625873658425
22.39218380179121,18.61237273897519,38.19841113145678,32.37225822225102,38.40381833430632,29.462223587027808,20.108040549491967
24.085645870952604,16.537438414327085,38.36417069140019,30.38714378077679,39.507489506365715,29.164663134706107,19.37987282182977
24.284041411251806,15.575023339856171,39.32887162260894,29.85150684210127,40.64801999748714,29.41787981802792,19.464168372000117
24.116899821793673,17.06710144460791,38.25317532238988,30.1382785521915,38.14259052886032,28.435743069008787,19.254394554866074
25.99199000450669,15.786846994085924,38.28539800284468,29.950969863300646,39.085538329413545,29.4019602331347,20.181333189687237
24.74852234456145,16.238396435395856,39.15961395105052,30.177077935206626,38.903533733247826,28.27799178990226,18.41930781284193
25.724274576164163,18.440394131519206,39.53181897410957,30.946127898229026,37.0619358916298,26.823081742124458,19.307737698310522
25.623098440695944,17.442926919331747,38.01225294068708,31.835036567825025,39.656301606717676,30.580576106588246,20.606209386499035
25.321682295608767,17.734765050153374,39.072258609862615,33.427950660180294,36.72734440720325,25.716600599288398,20.521041104410372
23.49529062344611,19.573659633855772,38.2080748299896,31.52960179720372,38.57126535116971,28.539581080014482,18.708029278078904
24.060387349846877,16.568301618918785,36.32877416063232,33.165867851810866,38.18087807906184,28.49205017766527,19.83530332570626
22.420328299002804,18.056848714032164,37.18782531689329,31.376848511412618,35.894822481116776,29.364925334664527,17.69670437206616
24.26201693689022,19.73595254536216,38.359679358077415,32.44845513625479,38.70716649145944,30.720200599574156,19.194270800627404
24.473614961410945,17.77454419269167,38.92356509363371,31.23412188848284,37.94860673146769,30.988152669340312,18.859504011390364
21.84103296339522,18.314757041518135,38.94550647816166,30.983975364545046,39.318068338268915,30.149804182104113,20.864853124602146
23.036865516384864,17.60171363562486,38.51979605490471,31.58087947607021,39.52618175496785,31.964139038190833,20.05632760702528
23.1133232217651,16.082354917284015,39.39806262184753,29.84686537281436,39.82131288535431,30.749778620623257,21.317809632068265
22.660968803919793,14.736144148947833,38.07465599696169,30.69416892921781,39.537907203769684,31.40475099485484,21.056264283380337
24.60368602165,16.51334865492302,38.84543808417558,31.97103317744593,39.669290790077206,30.69003178963122,20.809543840821913
24.333932353172056,13.666440385242371,36.841791249438984,31.138483731463563,38.42194678987738,30.370405287911666,20.73979334662173
24.053385597568706,15.194335805176177,37.847330476853216,32.05903145307956,36.89904347207708,30.50264776183989,19.62280682922092
26.517062503001288,15.309918634793673,36.26791049517184,32.170406169028254,38.12295655335349,31.076173389763902,19.892352925595503
24.583405444194177,14.449788046038782,35.84358109061351,31.86264062290893,36.94813823440865,31.828424478580864,16.770904124115365
28.035142689323834,14.208302456720368,37.77812469641647,32.30586987045293,36.15778455896976,31.65923652864844,16.22200766496296
27.59621965079664,13.77001648813962,35.54456964407422,32.713239173701496,38.11328627011181,32.816146807550155,16.885556894920317
27.918997770129423,15.444178464887525,37.438107712642974,31.020144296266672,36.89836943032935,31.670699278703594,17.357462936166755
26.750959183574956,13.55464181739589,35.04929476938435,31.70937590429006,38.32222640146669,30.429907236347482,18.64663633162455
26.80052026696388,15.458913951850288,36.129247828442004,32.26938196995442,38.219392918037144,31.17372161160393,17.43738515320886
25.411263733470296,15.134793690213876,37.093931231335816,31.062650413795176,38.90962653550392,29.822096065578393,20.128509542820716
26.44624249513716,16.000768430836224,37.22420693152735,32.646144889647786,38.63555883828867,29.806233152895068,19.41169866434187
26.078110555729907,16.45238288134805,40.038217208740434,31.719395420488958,40.312137677327414,28.248823139076002,18.610803523295964
24.698340750834653,15.93144780847335,37.179073101491,31.647874604255406,39.945501299089635,28.901165905050384,19.992868981936578
24.82120058914274,15.86286114381362,38.692342844392854,31.554276104713026,37.798180668716384,28.37722930789809,19.703542564660488
25.210843712798727,16.102458243646225,40.73142779660919,32.21793695604802,40.55080085221431,28.7010277660128,19.904572859975637
25.14904268563685,15.854995359314117,38.4020781855837,31.856853717229367,37.32261446643037,30.239463914444052,20.403130982390813
26.15345802007912,16.2456471007903,40.189478141429845,31.456627056687733,39.095218275528055,29.852384949697516,19.883228455054635
27.61586154694215,16.218709860660436,40.78598203856092,29.650579745105006,37.72420095986983,30.588414991898276,18.76997542429512
28.79794920279726,16.90033654052093,41.24864205213109,29.42109496707232,37.243904902958775,30.3055640356221,18.33378778468873
26.75093738961,18.125667690772097,38.90733207679232,29.86144532920838,35.59380172077864,29.82495049058688,18.051502435751143
27.889113321247354,17.848334810804854,38.710142133906174,28.850824118725065,37.30750987039754,31.216150412177328,19.2466471624237
27.036734358559194,16.938905310617432,36.861398464035204,28.920552365084742,36.03216094864933,29.316962536024235,16.805730077803016
24.69047901215534,16.90421243831032,39.00676136155522,28.48277010274584,37.13916262545095,28.615358373944517,19.301595643646568
26.359036717329865,15.67997719154584,36.741667351856854,27.80502038736989,36.14717121900034,30.059737419490318,17.400663214961853
25.15357272626933,14.990808818830061,38.222579105708846,27.699094335806805,34.95177512757362,30.27952926847548,19.4188545561203
23.311491689850627,15.016333530941775,37.052660534918104,26.793592687210847,34.29452469429695,29.212933385638138,17.96275637715808
25.848281980104495,15.616839667726186,37.00267055403898,27.173129812165342,35.245019119094074,28.433851830242226,19.900112351459512
22.477613453061174,14.799246271802751,37.21828514153934,25.24033123267876,33.98540492242164,30.090497313367678,19.839457982396805
25.34975351569014,15.55715442896512,37.644719242526705,28.074993904370217,38.8299557179205,30.135922574927868,16.933891239478434
25.222742234368255,17.419135353135637,37.72359141150529,28.408696873717467,37.87004890029747,30.762849885571278,19.055481692977594
23.997106045646085,16.546618942029568,39.00114076383523,29.809318950536433,37.50397874827458,31.978895579730263,17.828934064996375
25.175724525416612,18.23364154554785,38.02422196696838,30.52033770569725,38.454233270885766,31.545446272010125,17.64966027766189
23.266401199560832,16.107552705097014,37.84583827804638,29.61975894909176,36.0112594726633,30.25067195611842,18.913092515513625
25.638322855866384,16.449104898712307,38.47604806189922,31.37430415742407,36.247433451765616,30.815532249006925,18.35188335725217
23.639824535783585,16.760875739767627,36.91775995935937,30.886330572936238,37.16581522565894,29.33850680264058,17.461686424651134
25.73200787557441,15.853232762995193,36.855733799453134,30.453447275934096,36.79431216551937,29.708041743292412,18.74387074816986
24.260568141916306,19.005018334802372,37.04647034965831,31.87416529651364,36.661312993208014,29.131007729634412,17.219480774545282
23.28691586754306,18.022534398037063,36.04367931064043,30.357235972101513,37.520532826067445,29.027499151733053,18.01548541524683
25.803920265441832,19.143215225906665,37.222335817247405,31.34504422749361,37.12166199074638,28.842021879992902,18.25260690207526
24.860147828924276,19.09191330695387,35.859890568941076,30.599180424683198,37.47260637645493,28.3604825174424,16.989291605009473
24.366594611990855,19.469289636348975,36.981288808546644,29.903491032375726,37.25788023718834,29.490034727026604,18.497956498725138
25.35489122907692,21.182577113644722,35.5707472639309,30.003575142727613,36.74901126877115,29.81515312827606,16.248541476809148
24.769689128620563,20.021461287254482,35.59525227412633,30.288514914993694,37.9748048725352,28.95871736338698,18.302628317161698
27.647955866535888,19.033326565289983,36.25956790360115,29.148240840197317,38.91989290010085,28.235759671811486,17.324478554632513
27.13172296838394,17.52813140146978,35.007340399541434,30.546564872909514,37.9928313688145,29.158555410720318,17.12561155547899
27.366343936067487,17.2486028401614,36.144794943208794,29.61204416784564,39.29638936588306,29.249189410843215,16.9579090053903
27.130713263584564,16.722395581131533,36.626914660576745,30.64928397144696,37.61333175074044,30.48193213165533,17.925119942011044
25.716349499038014,15.307638067010735,36.016328116392856,28.95587178467676,38.50136495170933,29.535984635933154,16.281754386404423
27.534543173923083,17.23087210009417,36.00796842688098,31.404592548566566,37.15711507390647,32.80796542324789,19.62488461589132
26.57292178383672,14.307963078420013,36.83147152971067,28.249413260685486,39.51826268028072,29.855947048625556,16.587433819944053
27.08085393781659,16.323849262469977,37.928317224959436,30.28914621069454,35.86674848328089,33.777666434409774,17.364115791183735
25.460246416559258,16.357429741701864,37.836181999339104,27.346776770062654,39.09076958612276,32.324898223518204,18.854391197958286
25.663739861814,16.019992337078335,36.872687068579644,27.404187895627523,34.9443592287955,31.82079356735923,16.558902198704768
26.14021801452307,17.922710946611843,39.393925551373385,28.15632201200357,34.515506540349044,32.19747305554102,18.478961346801228
26.819812282316754,18.27009566980997,38.89600584426409,27.21623979607765,36.09867976419785,31.805295543583007,17.569721389635546
26.332250119784717,18.552420991778995,37.86798788048281,26.302780758333725,35.90534845336106,29.936131682694977,17.121261301027705
26.79184170525351,19.40864860447569,39.51037717139303,27.37619449293595,35.02297513668302,29.459643010556924,18.765138095645188
26.190177878979142,17.336771581909254,38.99123191501692,28.16036195373026,36.711909782705526,29.833105284414696,16.29096542852752
27.761747921578717,17.995146704042448,36.39987588881273,28.241343011683988,35.523909413096675,26.258676281329414,17.265139889702443
26.394664542841664,17.817055677176214,38.94287747083766,27.398772796638063,36.41150261590899,29.932168226290287,18.16130183413425
27.62352123990405,18.16054889304668,36.44144125267226,28.24368783864523,37.31558336258955,27.821764558834587,17.482104311050318
25.598010786943505,19.089194520576577,38.891397077742255,27.881599039682886,36.91500534638138,28.412374962971185,16.98619771297112
26.009425794261254,20.124708668582535,38.414307530031415,27.758556991183454,36.94407942961226,28.061306202925202,17.79013786807
25.230002045765993,19.66328208978011,37.03532536442685,30.60229123647995,37.379540313122305,27.878137673759856,18.671512553317438
25.972674829850405,18.626013594206206,37.82298987125756,27.278342993430115,37.78298306965547,27.870205602893137,16.933094743216078
24.38471240318921,18.99246745644479,37.90281791187294,31.36084851968084,35.507632025312965,29.32115928749592,17.758080992667217
24.679641543684937,19.034596501630748,39.67659668384831,30.291670901136328,36.647663632758594,29.944946176741723,16.62457361728781
23.098105875112946,21.15431515972579,39.59583052391873,30.366704711736137,34.946210058169974,30.998886770526795,15.158325335957583
22.557644429760206,20.592633908765876,40.38729784474735,33.82402857759237,35.57619310739243,29.257862156879554,17.457229225612185
23.974213246555138,19.016436343212952,38.716119961555314,30.359970646927543,34.686412230404855,28.483529968399825,15.28470367823511
22.730856087552233,21.27955002012571,40.89270367561784,32.46675649093035,37.058505274962755,30.83621948664869,14.833094706491927
23.42782634778066,20.384734251082786,38.52701103294059,30.816612260990865,36.24393001779603,28.7045138073685,16.2761849412224
22.996147010989134,18.800687951220418,40.42208828773456,30.61769933486455,36.51108488448172,30.822633790463005,14.475941893680629
21.414811401239795,19.495396237995358,39.12500761194122,29.65506652540447,37.50745051336412,28.376408174901538,14.784466039978877
23.818597887264623,18.623046832126786,39.048636750895504,29.449957253388867,37.00716888069945,30.166237498762765,14.970034745048274
23.891488428072115,17.714499298289127,39.18230581471143,32.428806201867246,37.01716578014639,29.317002250814085,15.941111846605581
23.479532811435163,18.34439618957641,37.886135094220094,28.80155244452645,35.547912306128815,29.088806536887645,14.552166675756393
24.028563681688937,17.08279073490481,38.386305522475716,32.03427052065469,37.509174570361196,29.670750224003623,15.606214497285073
22.254426440191338,15.830123304874514,37.673607634547935,30.426781031048378,36.48395350497171,26.111020952741193,12.950068881779643
23.353578851024217,14.94928401621447,39.03315354683211,29.160013425256025,37.6717773246923,28.381422206819277,14.780650772879667
22.570529984110372,15.612312490717805,38.16800763689357,30.425274051466538,35.57817142272372,27.1264229410476,15.307112558442928
24.331973750325908,14.889941333328336,39.666297401287,29.437718340426493,35.105802899487614,27.413580620681454,15.694226984835916
23.271168366461694,15.286941913789931,37.722534198692465,30.361625677372793,35.77668572053304,27.23972578676034,15.73682911651036
23.10578260804526,15.289345342491918,38.41755300616688,29.139139323634232,33.9961109607201,29.21618110488665,17.454611188997987
23.161219471917793,17.608597173000852,36.796277946287404,30.203177662481007,36.36376241801017,28.75946926941286,14.793513897596485
22.83217260357589,17.997075757042573,37.37762610141372,29.80234007635407,36.595643490901814,29.5669448887703,17.65483831132082
23.619083248760788,16.682063378047662,38.81582255127495,31.09427813400338,37.081323576727094,30.2496968200261,17.080420176189214
23.509753376553462,18.890285215546022,37.78339880076108,32.02965992664826,37.92003426046342,30.463751064766566,16.341325391389184
24.68192099037524,16.961943347797323,37.85963522124635,30.821049787071537,39.10805596426451,29.786698776379737,19.395951665327658
26.28516946111749,17.698802599022606,37.24556619863294,32.08103661407522,37.525400757836074,30.861794484992096,17.74134764930275
22.925334836913713,17.21316727792469,35.13748095788869,30.33743270066268,38.01498811439471,30.785948832663642,16.627010231876074
27.212222895128015,15.759993644817758,37.3429152980017,33.24024613727873,37.033018516745514,30.951648946204187,18.469781056263322
24.565480493194556,16.685839835289247,34.34384082891043,30.922031220368922,35.849684084465515,31.980273699850116,17.40021324637621
22.498366814577818,16.681420682616363,37.367113393750486,31.664470981764616,37.76612651952047,31.90449494211987,19.111531898568224
25.556017989940823,19.426319566082977,37.72351560324482,31.491494195203614,36.26157960382001,31.541930733450336,18.1295782586967
21.801803420131932,17.678374857385727,36.57821251372029,31.208506356091277,38.531341433786245,31.394878367507648,17.996085535443388
25.71703066886674,18.879752105703368,37.64363886898385,30.507545111066733,38.63543357669908,34.04766664060287,19.039582281648737
24.116463523059064,19.531173694618648,36.649306193449064,31.40651310834561,38.32260407747912,30.573612915579446,15.965205337692273
24.688944351594742,20.965168629762005,37.54144495425401,32.034573349552474,37.78003297272805,31.880682561588127,19.431142132187077
22.502941823105058,20.230597050167955,37.404028338519815,30.653943762815828,36.819534272449324,29.26817352218714,15.839252555194616
23.969604138759102,20.474934237358262,36.55609603131333,33.14239523274135,34.86001372197495,30.58610648525774,17.48208540876822
23.101182697139016,19.286254131667665,37.88502154251052,30.360014691588656,36.55031594303976,30.172233250701527,16.52465072459467
23.347987168930707,19.594023209902293,37.33794430678381,31.75466286224733,35.25546069048839,32.34830866058858,16.69709157106611
24.200401993881798,19.22204353669398,38.465327926868596,31.637718056100084,35.83240264567561,31.681489917806534,17.082545553546623
24.894717334674624,17.69173635647171,38.25594769459841,29.461684902555806,36.16747721345868,30.890500905743448,17.70825595729675
24.22878227990029,17.435484320254368,37.783720787629036,30.790644784459744,35.02888662898775,31.768402336400754,17.42437260546644
24.815799298825013,17.521066842387466,39.415997832368674,30.349859584927508,36.39976389336073,30.261081368066268,17.920287314931166
23.879060599833863,17.62902979674061,37.16633367017178,28.03883302087079,37.46886309338393,32.242721545372184,18.233955918821298
24.240627145204016,18.44567240476958,39.40429989997429,31.663282783915164,37.57624511775775,29.961833915274866,18.56409243803165
25.64739298144621,19.249557856601335,38.96767089236524,29.384737336831407,38.55736698576618,29.432399695257175,17.578383688157626
25.020013019280952,19.09439026667922,39.97289611051746,28.139838524555767,38.19595420338308,29.19963397917656,17.59203964905651
24.739480056361185,18.884442964885743,40.81905529890018,29.172500137849298,38.84412378873816,27.814950762344935,16.24153950187438
25.181861907183198,17.845925590435357,39.87144916105392,26.055945477461954,39.030335631786556,28.496440396431957,16.330389375196454
24.682990751333627,16.32498167597862,37.68578703949988,26.627548550997197,37.35085945542864,29.214964047511845,16.77479825386612
22.917673835430797,15.065136880326452,39.37895195205166,29.645805216276685,38.80746214386882,30.393434820321318,15.79820329640971
22.325932554910388,16.924978574884975,36.89761900405565,28.243229656804857,39.112959378677495,31.91553466418667,18.49678465056381
24.5659116578438,16.502710324485058,37.41876594006887,31.180035077601094,38.08543363858398,31.72245110193462,16.663079368301133
23.380579237663717,16.362172504008377,36.25338643984028,30.64690292649454,39.88343636858042,33.55074713851968,18.369540990640594
26.083698510056358,18.348887116392156,36.722342326542375,31.41527691464193,38.14706721577195,32.686695990641255,16.869964681157875
24.866327543512664,16.961451185963384,35.60319183935145,32.676812709187054,39.463322966347405,31.91609955081939,17.772518485541056
25.75169778110169,18.907936480382606,35.42754550717832,33.05651160264665,38.52329603670096,32.865653561609726,17.29774284259171
24.192566052007123,18.678417342053585,34.4099240683014,30.808439846629653,37.93620037710451,31.303859063598274,19.081918927097384
26.311805801607655,18.99458542766797,33.787965025312324,30.845204307426393,39.508866292653025,32.19631764300925,18.20810621316159
23.589991366859543,18.942864265990156,32.559217118061326,29.095996202245,37.9861277376889,29.35317517332525,18.552164977446722
24.521412854480374,19.118683794382886,34.609228122853004,29.163710152306592,39.420576481520726,32.71615230285961,19.91839531598167
22.23553780966814,18.339964885382653,34.09142673585619,28.502207074164026,39.74889831758048,31.264763041863368,18.203393277433463
23.567885602764058,18.106080146311626,33.95320172358531,28.00073667415638,39.8330470299876,30.44734736668555,19.93999430715845
25.18774478768927,17.789867748268726,35.88550323278936,29.290303208616876,36.79500789484929,32.435093367945754,19.407791110393298
23.66813358718335,17.633512015501537,36.45947325560749,26.76178539564804,38.900152933277944,30.976303988402627,19.482332155133456
25.285358841187858,19.934031626724824,37.0215519872102,30.74263483064339,37.224231023093324,32.31787885349069,20.62421457634656
26.44721497796275,19.848392973454096,36.96915095484769,29.2502205514362,37.20480060254095,31.963465809105728,19.5247599120948
24.07481831217651,19.873361084676205,38.21574294041401,32.80890828113806,38.147382165201265,31.44138158836123,20.361872993663262
27.473215961421012,18.99546753877714,38.78457781125446,32.91959756799546,36.61139553365473,31.303404334052686,19.203944211940993
23.703738381323248,18.192437779724056,39.14066709065371,32.995686104050115,37.096964501075064,30.59324551204722,19.17996351982377
27.059392079230427,17.41254860989347,38.86164844570078,32.75137281319983,39.08569006427123,29.644499197185546,18.124460662779793
26.854963978688957,18.222432226043907,40.29843568139209,32.9753884744456,37.227005242153595,30.86287070841209,19.26730541775762
24.517701527984578,15.144257776982771,39.32885887404042,31.84230145333646,38.78935809889914,32.85372202709425,17.232142846108935
25.081711261597913,17.60474729114575,37.45311770930678,32.272918365686934,38.69945440322677,29.72638388070063,19.69352942523205
23.704564324024652,15.091566752789621,35.78645964721184,31.203835760968364,37.81530210488843,31.865004807029173,18.233197790500057
25.41688127240988,16.99741762859183,35.036913625371994,30.708854116628785,38.057097335652344,30.379907296919153,19.95414860785891
23.787336305436302,17.522962183952284,35.41699811710735,30.718710647234353,38.277192945956656,30.059988056527196,19.456000675491676
25.29685738292784,14.208844414404197,36.71723571724139,30.90324825643777,34.95631909429368,31.1365557435764,20.16699499386805
25.432316472473154,15.592083775384282,36.203042141727344,29.535273463876432,37.40736816703787,30.928587847692988,20.543659008241647
24.677799338337653,12.384295399964401,37.00338847956344,30.26315135876107,34.79797870433507,31.90628308046972,21.129858256921846
25.50391543182234,16.1002668524889,36.0645411373003,28.962703505560206,37.36202520222662,30.76460947867858,18.515375971194256
23.864957422062375,12.024512406662085,37.41911862768293,29.464498394716294,36.62343987762697,31.766859039335422,20.558738345133218
26.599743970842752,14.374476082828924,36.795326558699806,30.187084525203325,36.901337682744085,30.127770966070806,17.65337573838015
25.676770831050554,14.696919735627528,38.61520423498787,29.396843254748166,37.35763314889168,29.07609857016142,16.904197015619864
25.784720039598874,14.111513106239016,38.3509368626544,29.76974097832204,36.86812678660552,28.268788137434903,17.45977591639818
25.243327692500202,14.47951369722109,36.006110463954684,30.406732097940512,36.550137495347585,30.161543947773303,15.14001007871336
26.1870249278868,14.438523138382227,37.08269167084114,30.368141842163908,38.59535850017487,29.008767947352183,13.702708909524894
26.36867173668591,14.321415427041533,35.02330897115774,29.43508584312282,36.873714659624476,29.1333854991316,15.305277913674763
25.064497697325365,14.060859947126893,35.790258212844805,31.356194822784712,36.61626367580531,28.265671219399607,16.238363756194186
26.44992524484405,14.843021235943597,37.34160352131027,29.556652974804848,35.62202814457336,28.761305415619308,15.355679319331843
24.12180510654294,13.877978281789648,37.03279756122637,31.18279185077912,36.904957776290445,28.921509948254034,17.595440483415015
25.05286020112795,14.66098400740099,36.5720979162365,30.022255807596025,35.63482238506069,28.87712364652183,16.517225296031036
26.274921459569967,14.874855038108816,38.06529679328987,31.43231521649807,37.97286697005164,29.706080173081737,17.182173206162297
24.291579961139412,15.117753280818027,36.05643376297796,30.514431342097673,36.822964006214676,29.04763197529553,17.722339357761403
26.530270826322155,15.238999890897913,37.53674102409822,31.77902606097006,39.09790134402544,29.00306837939569,18.48923281921407
24.340856312728853,14.829793725426171,35.73280620561424,32.16437136642202,38.143187816213505,29.000173667662487,19.047316655703206
24.61484681982546,16.21970587815268,35.16625691597092,30.33091849800104,39.712308185119156,28.91608408154945,17.342681025684232
25.347972040936227,16.068972347243573,34.91223549623618,31.699583696763693,37.345013182858075,27.698189074112847,19.70837559276379
24.95026145114047,15.964970595389076,36.731731689555346,28.709275150485183,39.68480842804432,26.946203166152163,18.982834103261318
24.757927088866772,15.037372941739601,37.363421416829596,29.00971613006103,37.885494452698566,28.104680850056518,17.61188011259899
24.105485979531657,15.669337781605204,36.9292003910262,28.50337675155613,37.93283565651466,27.591797775487777,18.638283696807324
23.086717179201113,16.07822434869543,36.30587691417921,28.234941727761104,37.11592976481808,28.064650748167693,17.991014940805936
24.43375083432082,16.335321940853603,37.109762804158336,30.087818808878037,37.61100967842981,29.431638904787015,19.07878904203759
25.197149947619373,17.17450270307765,35.0511866907561,28.87692060526578,37.328550063573104,27.77452635549252,17.70589772660288
23.18655997300089,17.75555083271041,36.53350754180603,29.606985230665018,36.0590567167158,30.090962955584978,17.32588377683888
24.549390305026606,17.367978195842884,36.21170770278883,29.641044217849988,34.79358643609076,30.244834046076523,19.01044070459578
23.92451777193658,14.925284987717491,35.674079110416955,29.749909584704113,35.469589429863404,30.176799178603027,18.5963908496805
23.4399805899251,17.57447964336542,35.04456943987208,30.59734509656642,35.479059613582024,30.845957760359646,18.476572082721965
24.990252569909785,15.860885075748591,36.4886186841336,29.592071964453616,35.04717428523292,30.53863432508291,17.820149046610318
24.517891810688447,14.875538998465291,35.14680357529952,30.81433116818097,35.15054447559628,29.683027163493584,19.026534220131275
25.86722299714123,15.77214701675474,35.32608512069251,32.46363038123563,35.57382420436595,31.993011835353876,18.705666382379174
26.315359175020504,16.46834264069261,34.17852782086878,28.49201617525263,34.85657340741688,30.832385048939884,19.850759757717533
25.236203806136302,15.819191288205854,35.39835898088161,30.556878944498884,36.515874206510816,32.62061889505238,20.476143702234168
25.96285502893891,15.9402192252942,35.19110626312951,30.191834880073074,34.521558281867065,32.61649074399227,19.260012695541427
24.822150767524413,15.940567674602448,35.887816887907164,29.467952867540905,36.1908234821946,30.74744712597485,18.744822545249296
25.737919598775523,15.625994738157422,35.87257243856921,30.572230194093564,36.93585654936442,31.79588293709986,18.255615456705996
25.325219550098026,16.518408503444576,35.27176871047196,29.42263522372844,38.00631469780406,32.13492792266578,17.074677475860177
24.035943230848225,17.540445807792008,36.65210915061631,31.255406525113223,39.66667652130685,30.595525445099607,16.60928433222314
23.063553272564214,17.92884278358016,35.9169893281502,32.14466810825546,37.28280958599763,32.70478926885278,16.373670186326923
21.191843887579903,19.155313463209126,36.482935486033696,30.60769716592023,37.58069430984904,31.946552996293715,16.082186997608066
20.816084560371095,19.025514001807657,37.62389939916361,33.21077372461227,37.31996839916099,30.880992369308416,16.750934111807165
20.737316644163826,17.642431339092745,36.853698431538966,31.01720093826792,37.2424214779344,31.306101247196686,14.638832567961439
21.17397381565406,17.351956892138915,38.6221767142412,30.778260568372644,37.86677220741132,30.062937206652737,17.297282404334226
20.868589813730605,16.11890219493331,35.787732518182125,31.998276297454225,38.80952351367739,29.12441675840656,17.36982222373885
21.42448735347405,18.378900075171554,35.91119606350167,34.0187037264299,39.61124570460329,31.66896320285862,17.08185721585508
24.00052199733223,17.0529204870374,36.29932999654267,30.504118085634925,38.32501330238668,29.87376929035913,19.20512260551756
21.897204396999037,17.489511607947026,33.967246243548544,34.102310970477106,37.590072703665015,30.431362304788898,18.809378880625193
25.301097594488596,16.463687817911108,34.17792622342853,29.32509813756207,39.058865577076375,30.16283620908814,17.382374782468027
21.309454827155374,15.95889988037772,35.46587629927188,30.94023640712677,38.56393617644966,29.86962628138366,20.0413249787945
24.718106615062137,14.826429923603786,35.975363321745284,28.890620643218266,38.42579244133639,29.620542851923652,18.145501586089317
24.117654900296863,14.71255561509893,36.51178745785323,30.30746288376456,39.46651376884935,30.396185696734783,20.409307836603446
23.55872804662654,17.178175187493004,37.05196161115174,29.317591273311823,37.45701008379756,30.899644496822702,19.874508259075284
27.236484152266847,15.185807214975222,36.07550160410388,29.291691471408654,39.803131277954634,31.046696298212126,20.680887824017518
24.016791022652626,17.525167083810548,35.18725757773855,29.916404812858044,36.781126012888556,31.222343908360017,19.30575634707324
27.355686145397797,17.430666974945176,37.70273770756099,28.8110049997411,37.3944824896939,30.162273448632952,20.134479939585333
24.249474083909426,16.770427867571108,37.07633130851242,29.74624532610772,37.947870727168066,29.163506438707135,17.952460274423007
25.74374810431673,17.335262808646608,37.13668769537456,28.38580426440975,37.673612439561026,29.34707786211574,18.76939117373886
25.670195821645052,18.070117299689564,38.468952207460134,29.636464632921548,36.58015263579229,30.357856531269604,17.21027893162236
24.490078414584588,16.90208110825537,35.60368029463583,28.656137490045694,38.07328800387512,28.252568738318743,18.11122986067104
25.338916289447035,16.383796922875757,38.20581507848785,29.143696477395295,37.52482581253445,29.88154144650195,16.653684498835524
23.86592740250272,16.50563612839367,34.64365700921936,27.763894060627344,36.54858233395466,30.167772691012665,17.315036110535175
25.959695745900056,15.025487412725425,39.27341377063475,28.629585874795985,37.92289864786989,31.13742752887498,16.944232885975044
22.64291769657397,17.512536476990874,37.1478743107636,28.752776709336807,35.9727967797165,29.551531523471848,17.6128903804253
25.717515776299546,15.812913352604813,38.018179620317994,31.449539952038805,37.612751082991146,29.9846063539374,17.744993388722904
22.602996029001936,18.958215610320842,37.97506857048876,28.30271164448221,39.60903036299041,30.635595736664165,15.941038746826704
24.174408163039104,19.405938495564563,37.40146934035087,31.409459439051197,38.43248957085225,33.2382809177149,16.82333202287347
25.56833830376233,18.388497813567337,37.763978079089256,30.10333558519519,39.31555891660961,30.226340726092413,16.67479700027335
25.718697032684613,18.197041224101188,37.261646533070284,31.40226424463604,38.31119615989813,32.4163004206584,16.696048322634375
25.856432813722712,17.511998568655834,39.246567934140145,31.71389098220314,38.960978269213236,30.512410703639127,16.843111001757823
26.082525667459546,18.072818242843276,37.88976460885048,30.504353934076136,38.04285202680967,30.209352861792688,16.915913374804287
26.35112002965449,21.112699664940006,40.85989681164399,30.921565369609038,37.409476528400894,31.013876965326833,16.502257713003562
24.928467831336306,18.69373500377016,38.049406995725406,32.90398765184129,37.71419589899803,28.63689558498585,17.71741366324109
24.971874333776412,19.62800113976192,38.38186492804277,29.674985447201422,37.43016717923659,29.864427947041293,17.544827624755886
25.60816875965036,19.875500602915707,38.13189924342632,31.731198833103853,38.54821930253158,29.058923226239084,17.11801724913549
26.760368459960247,17.21219486085544,35.52133713980358,29.965314064760285,38.57592691700461,31.853226648453223,17.708720958657576
27.859100701670343,18.82802142372177,37.52264009701596,30.85340096555506,38.731138744554855,33.420027715987445,17.145907084103875
27.489232253239496,19.02124777105765,36.47047267876977,29.49866375266528,36.84795987744223,33.17005676303506,17.51268972025173
26.50950743302456,14.65618976626142,38.0740747548043,30.527177466337804,38.899267589501605,32.984232662191516,16.58127510180008
26.517109386152462,19.77992721307524,36.499022834770535,29.539964489015606,36.24724624173814,32.28439649954948,15.37365989268708
26.809012894707426,18.41738158039391,38.266601827123054,30.58256828097692,37.61242378757712,32.45541539037498,17.498111177140864
27.109595837013003,17.057964771398638,37.47443480451331,30.21307868034843,36.28545848646252,32.171381797567335,15.396136903455867
26.8303531149823,19.077105193963895,36.82685290031454,32.652561022445575,36.922903755483965,30.958948532006946,17.05198205217551
28.688272808755297,16.60922396594807,38.833751546216206,30.999632793388066,39.22024985000166,32.01714993192046,16.9514625213922
26.933048498944302,16.491542620152963,38.087218623021585,30.948202523708687,37.36128076643038,30.15462151021533,17.96462747882308
28.279693026647436,17.081119122575565,38.404434687104555,31.483536907136223,38.720315320298184,30.50982541895662,18.178474689483664
26.80404917129775,17.134534152212392,38.40774939280195,30.008201856697234,38.957399429636396,30.301261272446396,20.061902884513458
26.436013588649487,15.156992606367064,36.47455287914015,30.564080839413634,36.68877259495737,28.211087905985536,19.283382042870265
26.87791619925135,17.86229738566928,36.530503976216664,28.702819933277993,38.02392998067445,30.104113478820572,20.02183899024773
24.769376198532505,15.499700567632722,38.18548292001133,28.20125515489661,39.37367175477512,28.497040494106976,18.328122397267798
26.17932091247834,15.127952596222855,36.06891589629758,28.050586850964574,36.49669221000807,31.458253663891586,18.86139888206173
25.337970166831276,17.307940592643575,38.79795269719244,28.42351977123655,39.65854007796428,29.972186209700908,19.672551267520888
24.895743475395022,16.31233676936241,36.16614517813815,29.1736814910262,40.480129706553086,30.198946238502067,17.709313903651964
28.747949174565388,17.631217858697866,38.053633262758325,29.368696250920607,39.63291821471361,30.013859968724546,18.757386216169486
23.390356949215636,15.682174403310132,37.27543445053986,29.255055372077898,40.20035685662596,29.092558858505832,18.28394918657046
26.011015437992114,17.554451635950247,37.6371509765019,29.994065118876968,41.28847712332909,28.404248049354614,18.895661163110073
26.02812364026326,15.534387284420111,39.56224311440717,29.01591403829101,36.73379565138892,28.5018960387176,18.170471477287677
24.774676797339524,16.989612606437493,40.13230834591151,28.43623798731047,39.44733675314689,27.346274908061453,19.693103765041
25.532545213466612,14.977590692827446,39.129965391839875,31.79649321990601,36.48349826881071,29.072169624549325,19.44519742339814
25.412695765550076,14.68036385150711,40.72694837324188,28.79994893289927,36.92996975231457,28.311002633888258,18.673001154564673
25.466913108381497,16.61917917674392,36.12584121499658,29.000607075665574,37.857908467018035,29.777140141177078,19.158986801435493
26.189230345992833,14.087815396528788,38.5950048724058,30.425024955294816,36.090090722304005,29.971437229866943,19.095247782889047
24.304769037770967,15.319132398385271,37.5800834804656,28.657723868752058,37.72702844935808,28.91850422153066,17.630240844298758
25.146995395740397,14.398621715462797,35.42021441235343,29.45311945254793,38.30692343024859,30.671200951794184,18.806872436388254
23.20639279772503,14.138257866095431,37.13107833056043,29.03914307471891,37.09906304846467,30.244736104189307,18.121182732735836
24.564787264223597,15.439478562384496,37.55544683759071,30.56841522833991,38.900836412676306,28.423726428586193,17.918311417873415
24.227892723213735,15.491589661394043,36.64054345075726,31.086905704561218,36.10152321459818,30.838706707543242,16.91725779789087
24.47851424926708,17.93745084865839,38.19869372029621,30.665318995779558,38.009295178677164,30.35179816458065,14.643604035102271
26.078878966994928,16.72978973805077,38.14106869014402,31.813164989849305,38.290927864391755,30.266683817935473,17.202161647913524
24.993894833921622,14.95509430885912,35.60732220206376,32.849845296350836,38.8640060209582,28.631623454052356,17.270208535385876
26.05508666251668,15.66455539083259,38.31797103230887,30.649567505888225,40.6538749119963,30.789144935128935,16.950960806167195
26.500289857007857,13.662041211661716,35.669196320437415,31.90488007288267,40.00873421153585,29.417578227982474,17.449694424327298
25.62174924564389,13.879237834303712,35.48087262862278,30.48834121818474,39.97036396110755,28.580740647795857,17.258847997159982
25.56602568328715,12.760382823709339,38.188365863726844,30.78866602292657,38.9360211294684,31.55823339891501,17.791753776712266
25.974159256699114,13.581000396924855,36.37816951251934,30.04108876203668,38.760409974570926,28.05111419777522,18.077992327953446
25.40921902332138,12.969847764118642,37.01550513343415,30.940547903487328,37.33101694397605,29.37146889274637,17.62169828874167
24.314603748243034,15.67916838129082,39.47779432156805,31.597262561176635,37.84771308065889,30.390348528702194,18.567488181007022
26.20853988432515,15.444238583180146,37.79695935354788,32.48774037036646,36.06953411785401,27.62780022007628,17.756667402314378
26.25067387303657,15.312578807398175,39.17760158089625,32.455618373709854,36.3489242173826,29.14258823413734,17.83820047316116
25.80151510252248,17.55981234624506,38.775062316867285,32.07934265912083,36.018940312915745,29.63071465401809,19.525018619692823
26.247184296246342,18.236708034826826,38.9015325664209,32.38859116734108,35.99528079937649,28.397392726164632,17.773544724242686
24.3486971918391,18.52544067660763,39.249024938734344,29.614631845631628,36.985102305602524,29.910956526534484,20.73723578807776
24.162796216363848,19.274207145020704,38.41858375443739,32.21425412986196,37.129578713691075,30.786804626816025,18.44688162028341
23.381309578353534,18.221342017623577,39.07417565968447,29.701568734640883,36.71932380548264,29.422563746340522,18.868226142113656
23.071214431296916,18.202243930493893,37.716722111195836,31.925184113309605,37.75022179377943,29.321068647422823,17.82265799731209
23.90224405226144,17.410514954360213,37.26496993065184,29.78791509866391,37.034675132297544,30.673450959998938,18.120762779870493
24.614340514993224,17.070723912810237,36.62591196363565,29.18154000930557,36.584051616829406,29.197374400908636,17.34167410764776
22.79354541171447,18.28658557562589,36.24485832683475,28.823560373889634,36.28974475089211,29.068464629907965,18.874938070333407
23.93753278861191,17.105144483841546,36.00045551573494,28.683279379426295,35.719284999566256,29.323468285868657,19.09916027955874
24.967541875955348,16.12281381591883,36.269102192771676,28.150744175603847,36.504986457018546,29.65134743999013,18.314156431221832
25.108674218219143,18.397458155582502,37.16128312996574,29.391691473284425,34.26470334081518,30.68675924581506,17.667274451815494
27.697217510457087,16.834785690090495,36.59314143994585,30.554688692250636,37.8035488269512,30.238696433189173,16.276580140950962
28.08683522966158,15.778559968048395,36.34149445990498,30.07994725228601,35.75635452386721,30.1709059474382,16.064855556326975
27.448123909354827,16.775148077670586,38.150797645067094,30.401483142113356,38.48674258559436,31.25725286678983,16.1501936849592
27.078713393805252,14.825577141652111,37.45195598220731,29.77350150648411,36.33284016450242,29.489164923603248,16.634616512213555
28.157974023012272,14.273496291883681,37.914546908806464,30.966608731104678,36.83275298780074,28.97118552236011,16.12088266322205
26.74798075664111,15.851137215327109,40.72891943172702,29.912138115370077,37.29751409936323,27.91474121055522,19.898003779159644
29.104443385213298,16.17726020527755,37.40565963238417,29.364917357276333,36.83461924420187,29.195888032203364,18.08873265853264
26.074864871240955,14.983477821326503,38.464015464782754,28.902952064251146,38.045219289504686,26.924730093526026,17.32420791109554
27.224255445159717,16.853718309553468,35.94419289406304,29.7582944224837,37.361920418462006,28.66957663030093,18.127529316384972
25.301981592123813,16.924610782928234,37.626295313472106,29.675579919776077,37.40666046224243,28.769932055071482,16.508552339198335
25.928963130259703,16.072474057212922,37.32427293033572,30.598456046807094,39.08120110436431,27.180445624145328,19.119561437156875
25.411759118445154,18.682208356001652,36.67021653857799,28.247435378425227,39.64524882045736,30.86558025677865,15.814596730105114
26.553503109200932,18.852321198973122,37.33291965367229,30.035974417409363,39.14224251111388,28.856764248269812,17.863464476441013
24.34666843954767,18.211531448004344,34.90550965410348,29.77682226095061,37.74068217052666,30.8536022744006,16.90027090844559
26.35595840314283,18.64062297696961,36.77093364409673,29.96636879794272,38.05318192117621,30.966012910507935,17.07252756817433
27.496726260392947,20.573227034014124,37.4809464924567,30.367688195014882,39.359375753677284,31.825207521398585,16.46271622474983
25.173082673392997,18.16698299526584,38.64220469501561,31.018613652398592,39.80721917063385,30.95949094878572,18.347398135090618
29.438273344590684,19.710285274143175,39.37563450081469,31.31689899639886,38.36178870035872,31.29772911982942,16.526317713609416
26.713838135623405,18.786995163760782,38.353858108642406,29.477286363807874,39.70442345543227,29.707132139655336,17.028968487287145
27.42597148600828,21.926417505303046,38.81741684771674,28.07770242639613,38.57492808669281,29.62728645897323,16.79280907951695
27.175095111612478,19.40916420246645,38.90217107941265,27.109826379146494,37.92659659909572,28.459853967874203,16.76719891680624
26.457725282410312,19.446332561470843,38.718719782102866,27.830323970860245,38.23372664718375,27.813009672194493,16.086906024034644
27.71675963543848,19.63480758821119,37.57731057145152,26.39873553340135,37.95878776656403,29.10215779577562,16.980233445199357
27.487453417292286,17.35921660253652,38.01061206231591,29.33022734291218,37.697625784139824,28.201322500618772,16.24775380414726
27.04530369987757,18.862677089241235,37.7020573426994,28.027336392515167,37.816974103013095,28.520943327517017,17.400230174646452
26.63910893731429,18.04919153899292,38.584265171671,27.71046198433192,38.273485930908805,28.21436109833403,15.752893680400657
26.317303738601318,17.16909985669848,37.39424650641236,30.2497013049164,37.008601687993576,27.82578977974663,15.541354506731116
25.208760390731562,17.666233577566338,38.16998924576465,30.134048275122147,37.95517877493856,28.13853109727323,14.620369518879253
25.056472000705106,17.581081308001977,38.45880360161411,29.00802548897839,35.28383236063223,28.750368756678807,16.956538197596075
26.0325808811992,17.24608344345228,38.01309464201838,30.097067781622556,37.44260971470732,29.1045503533594,16.298850603175538
23.20403784158544,20.380987344467403,36.67873248631253,29.54635069500705,36.54732738874911,29.897631207009162,16.141340466460314
24.70667876621777,17.199615975456812,36.748070658628286,28.440440681714144,36.44396110817916,29.85863339439954,15.580958325422738
25.604624934210086,19.37656427041594,38.123292807697204,31.759051813631856,37.90666744536682,28.884651111316675,15.480254292128484
22.88118053775147,16.759402706012526,35.55754019109644,29.30103047977134,37.7519576167194,29.469923854665858,16.825640991763656
25.839800855002387,16.07337881912107,36.41946268778995,31.769088381096317,38.417042111659164,28.479684590621307,16.513709873033225
25.120402574572914,19.358895614829898,35.66553687982925,31.07057301695638,36.32853224856695,27.805504460091687,17.535555249980913
24.410135655965227,18.333194379379265,33.37082370407206,31.058045511190485,38.488256357831126,30.74577306430809,16.973788697060655
25.566704023839577,19.450563131809375,36.62120095386961,31.56101884221517,35.6862533837141,29.36796651154516,16.71442999576002
25.062642779870295,20.176233919784522,35.13119195368159,32.20945865615654,36.734756132814994,29.971529269697783,17.79807670102992
25.617402156360306,19.675290754199857,37.005021293660405,30.88935018403919,37.640067577172644,31.007435461190447,16.180838683241625
26.034871187496393,17.078097501047736,37.40390061871743,30.108532089872277,35.09097026360426,30.26882075930282,16.32787583735867
25.011009289564136,16.442451240100894,36.25754391890452,28.90751606015263,36.414332252636,29.713678052963726,15.772287602198826
24.14156203567382,18.651259803629202,37.43634209042848,29.839793011964495,37.008996388437325,31.424828636121088,15.002324723197555
25.410798415615513,17.846486077040982,35.601356332370365,28.33841852657929,36.69886027255734,31.103316551980623,16.067801323974734
24.610549666735015,18.50566301766382,37.11377690724309,28.215853080247207,37.667147483891455,29.53048910575107,13.912891893581719
26.229235808390676,20.906721719385118,36.07649870941451,28.780143474995796,37.61241293205934,30.495629896989414,15.48035732745138
23.32243372999077,19.306318498783014,37.80092839730297,28.422934271859553,37.74401395441561,29.04041424859792,17.005199568941794
23.288553131749957,19.16600400788245,36.34321065684824,27.388118619096694,36.80178365121492,29.414304722589215,14.759867475040048
22.237433708797536,17.303625600875066,36.73818053454856,29.01674458231929,38.5407830185497,28.02838323331784,16.21793798333221
22.706926068736458,18.073094577649393,36.79127946626583,28.708186668694736,37.54228567003656,29.065341676570174,14.258104775958119
21.977575730898153,18.444633656756636,38.46571416238655,30.695388745371726,37.51743130472927,29.126700999088584,15.161460634363294
22.882308490898538,18.76915006042016,36.29672640124131,30.106891472364104,37.77446282040276,27.855661211944838,15.033548301430336
21.829098494079233,18.36861301105403,37.60195879395283,31.760723526644725,35.592215849949824,28.268358529239975,14.686394025986356
23.48831464350603,17.66157583166264,37.20838075826615,31.04845402198496,38.72121584976507,28.189880086666427,14.36919750129047
24.03908813890751,16.750445603375436,34.57151310086654,32.16979504329284,37.27068570073078,28.8866839842429,14.24564387971321
21.51680689340459,17.51361487094764,35.42572875095549,32.68026690293355,38.29941894318609,30.160678325496743,13.831521285564984
23.740717179554103,17.15171066485828,35.531571760745464,32.637629267820785,38.395142656562896,29.911674333501445,15.386443340456658
22.781865942347444,17.062810898070005,33.185819722270004,33.10035885515213,35.83844736239429,29.282486589114363,14.407571391417797
21.324440589981787,17.949781042884407,36.882106279086365,31.67286873413164,36.07302200493255,31.967394506729562,16.475518767812584
21.974346123774584,16.539796332937996,34.693916652504086,31.002198128496524,36.25551766692531,31.09464358568823,16.445648935239728
22.42245005078923,17.410489539268397,35.65857628849897,33.19441648999038,35.99323116517688,32.03241418527152,17.472476406153177
24.495704204464815,16.39564770862622,36.407980558603874,29.739819237619148,37.52648516199005,32.361072220545545,17.106328504486008
24.37003052975915,16.038181170553273,35.33976379637253,31.664650015283293,36.698605153813,31.36105210647372,16.805372067306482
25.87977337091452,16.019350837203284,36.922428748322474,31.284836073306494,37.63093274380423,32.45609350041442,17.90721065635941
23.80839461877359,15.21062463381536,34.81188675237523,30.798016867202264,36.74329593520475,30.70824492547164,17.834221191362186
24.857370333731005,14.570304987084127,36.086521826428665,31.092769486090294,35.50156457394894,31.1274459565131,17.535391785023364
23.962437453517413,16.54688553745794,34.56882065394272,29.851692059510434,35.542688701660246,28.30406959117632,18.596113694077616
25.730532944914483,14.704593382293693,34.42586201926831,29.43511434724902,34.35983657607134,29.937886132442173,18.24951631567326
23.6849729683371,19.040883745270747,34.45112807782621,29.924513841258015,34.59194704767566,28.99469721326382,18.70595680593304
25.654796538983213,18.974131407004137,35.37001722370442,29.038615332853492,36.81647953798312,31.48257453285725,18.4006239054453
24.378315486857478,18.392642684377655,34.75622699165393,31.31117953158498,36.670468783124946,28.793673205465325,18.99510074068185
24.420944912339287,19.295940555565437,36.87951135493515,28.899027897732918,37.67151035757907,32.14123863675633,17.401577701360665
22.598317616047776,16.723402429703604,36.5282964033535,32.26735643112511,39.56190281424773,31.11642117741169,16.854214669120832
25.68357443014663,18.94038071388543,38.58728714094576,29.984559905157727,37.83354618937532,32.261239606749484,19.35521187786089
25.902443301344587,16.24736361134984,36.458413738599766,30.568716255061247,40.16269174791568,31.024079711411066,16.35177202794021
24.222594052604045,17.46435005333965,37.35234269531735,30.98143939748101,38.3209248620482,32.04061051255052,17.993084270744788
26.97461723497848,15.719470294025271,38.346524617539544,29.673072361990258,37.66728757608456,32.92613851291557,19.435299846862087
25.712591824048882,16.43895288678892,37.3027080421291,29.316110035781403,38.02345689000212,31.669236647347446,18.303487230255627
27.32560110075896,16.76304731348823,37.60774439423267,29.7174930236626,38.95530110368199,33.182621160896005,19.42004947575206
26.595192080192813,17.30167903232126,38.16861500257446,28.612733521039345,38.398115259567035,32.315034358932564,19.105392310866776
25.45075768978689,17.81117421397088,37.316601915545675,28.683822463500494,36.85289185279235,32.18425436428335,18.054336998485933
26.322058813115262,19.214283675170293,37.04177252991679,30.061831578257337,38.356792845177765,32.01087458107327,18.282803615357956
23.23871962591568,19.306409313481453,37.19927655341189,27.78253380993217,36.641786502010326,31.2294886434823,17.562064651701835
25.34859706808644,19.419267652262533,36.25925946037438,31.28222828238237,39.29227117523179,30.484955368887157,18.823408236539066
21.725975890308074,18.614549884922294,38.36079310285777,31.64352717909013,36.750503642168916,31.197718118841173,19.72157990413985
24.137178600923292,19.137411836100437,36.40780698268866,30.227948076351673,38.151580972758225,29.706541935086527,17.013785688723914
24.12044361356451,18.213839513330235,39.260121163283976,31.779313941053257,38.65124539192683,30.63444249992414,20.98376178029168
23.540251971064773,18.130117551856735,39.64983062325162,29.870736421199194,37.84660611717051,30.08703471260356,18.220838158895063
25.427857271386777,17.629717270801095,39.0114007032858,29.63298187886975,37.633724926775855,32.371492445102945,20.723927170741092
23.03373950867813,14.337761861871428,41.30068239398078,29.379368660358136,36.68988924469451,31.08625190995034,19.193304397150616
23.223088242048213,15.599537187557893,39.145696954661226,29.43140853411387,34.98047365351189,29.530861762247454,18.734781731319806
26.411954900051633,13.801524120451887,40.37184337936814,28.333155204154675,37.150411537802626,31.445547434472633,19.268869772109678
25.664078938857493,15.727532189178227,37.147730728221525,28.85040062546141,36.576941806383445,28.57702086955068,18.314545864541603
27.827553908178615,14.472881885209002,38.13803420547377,28.391476748761576,37.61650174349097,30.737698792159986,18.288331208381525
27.01968570119409,14.881441834500308,38.934384356164784,30.020099749124004,37.430493073297114,30.255740587620544,19.036762311849408
26.87731655710978,15.195191922797619,37.88391068512465,28.367918741832362,37.06029959412729,28.287944712899897,19.064527940011434
24.94893204654351,16.316592060359962,39.53252124522219,28.912105639693777,37.04825639293711,29.85580163079903,21.151241100351115
